City;Population;Area KM2;Farming;Industry;Public administration;Public services;Taxes;GDP;GDP per capita;HDI-M;HDI-R;HDI-L;HDI-E;FMDI;Latitude;Longitude
Adamantina;33888;411.99;45201.02;138803.34;168908.81;621261.4;80366.51;1054541.08;31121.18;0.79;0.77;0.85;0.75;0.78;-216.866.517;-510.762.975
Adolfo;3469;211.06;33549.77;8059.45;21422.16;33338.63;3364.63;99734.63;28667.61;0.73;0.71;0.84;0.65;0.78;-212.356.597;-496.441.918
Aguaí;34919;474.55;87873.19;297084.21;121789.13;336929.46;99032.53;942708.52;27263.25;0.72;0.7;0.86;0.61;0.72;-220.592.036;-46.979.384
Agudos;35828;966.71;80476.44;800703.35;174721.09;672594.73;334526.09;2063021.7;57826.6;0.74;0.7;0.84;0.69;0.77;-22.471.162;-48.987.822
Alambari;5600;159.6;35578.26;7684.43;24265.69;28925.07;4113.25;100566.7;18245.05;0.71;0.68;0.8;0.66;0.7;-23.550.338;-47.897.971
Alfredo Marcondes;3923;118.92;5147.29;16134.31;19518.7;28834.32;13365.29;82999.9;21173.45;0.74;0.68;0.84;0.71;0.76;-219.527;-51.413.956
Altair;3994;313.01;137866.81;9244.01;20293.65;37987.09;4689.41;210080.96;52877.16;0.69;0.7;0.8;0.58;0.75;-205.238.955;-490.606.135
Altinópolis;15557;928.96;195155.5;22009.42;64684.57;221688.64;23401.18;526939.31;33869.35;0.73;0.73;0.84;0.64;0.8;-21.021.364;-473.712
Alto Alegre;4037;318.57;36909.22;12081.21;22009.11;32604.84;6853.25;110457.64;27293.71;0.7;0.68;0.82;0.62;0.75;-2.161.170.705;-501.500.753.416.667
Alumínio;17747;83.66;1269.67;902768.74;92240.8;376606.08;480691.9;1853577.18;105101.9;0.77;0.73;0.84;0.73;0.73;-235.203.479;-472.575.256
Alvinlândia;3142;84.88;25525.02;4484.16;15774.1;17155.13;875.95;63814.36;20414.06;0.72;0.72;0.79;0.66;0.74;-224.431.852;-497.643.596
Americana;229283;133.91;9880.24;2133299.94;960987.9;5732972.98;1545731.84;10382872.9;45694.64;0.81;0.8;0.88;0.76;0.86;-227.392.463;-473.306.032
Amparo;68945;445.32;82866.64;1855851.6;288371.71;1473018.99;658881.83;4358990.77;63540.29;0.78;0.78;0.87;0.71;0.87;-2.270.111;-4.676.444
Américo Brasiliense;39121;122.78;30758.89;286949.69;143002.24;398981.44;88567.8;948260.06;24584.16;0.75;0.71;0.85;0.7;0.82;-217.297.099;-481.052.092
Américo de Campos;5734;252.88;33236.6;4367.24;26572.44;37694.95;2825.74;104696.97;18262.16;0.74;0.72;0.82;0.71;0.75;-20.298.476;-49.735.904
Analândia;4746;325.95;37155.14;44876.15;26431.84;45968.27;4873.63;159305.03;33938.01;0.75;0.74;0.86;0.67;0.74;-22.128.917;-47.661.939
Andradina;55943;964.23;106593.47;504535.01;226411.46;974348.75;160106.12;1971994.81;35286.03;0.78;0.76;0.88;0.7;0.8;-20.894.761;-51.378.568
Angatuba;24038;1027.29;128125.98;311106.02;98511.63;357916.13;67701.56;963361.32;40458.67;0.72;0.69;0.83;0.65;0.78;-234.938.938;-484.110.675
Anhembi;6467;736.56;63606.49;19141.2;30446.1;36419.45;4836.3;154449.54;24257.82;0.72;0.68;0.86;0.64;0.77;-227.891.096;-481.316.776
Anhumas;3919;320.84;32818.55;6330.66;19637.44;22387.4;2268.6;83442.65;21406.53;0.74;0.68;0.84;0.71;0.74;-222.956.478;-513.873.401
Aparecida;35570;121.08;1600.98;43347.83;143451.99;808670.46;51594.55;1048665.81;29539.05;0.76;0.74;0.83;0.71;0.79;-22.851.552;-452.340.924
Aparecida d'Oeste;4192;179.0;25620.81;36878.7;19739.59;36052.68;7172.64;125464.42;29716.82;0.72;0.7;0.8;0.67;0.7;-204.498.109;-508.808.706
Apiaí;24681;974.32;138271.48;169646.32;91731.05;211060.34;41024.22;651733.4;26398.79;0.71;0.66;0.84;0.65;0.74;-245.076.527;-488.461.582
Aramina;5433;202.83;36585.09;4955.28;24621.4;53573.59;8629.26;128364.63;23762.43;0.74;0.72;0.86;0.66;0.71;-20.088.088;-477.899.145
Arandu;6154;285.91;44439.19;7095.47;29579.48;34453.95;3630.02;119198.12;19384.96;0.68;0.68;0.81;0.59;0.74;-231.345.103;-490.545.651
Arapeí;2471;156.9;1581.36;1637.87;13911.77;10854.83;1104.57;29090.4;11767.96;0.68;0.63;0.81;0.61;0.66;-226.738.889;-444.477.778
Araraquara;224389;1003.62;200057.23;1507590.56;969742.61;5311977.05;1019740.8;9009108.25;40437.49;0.82;0.79;0.88;0.78;0.88;-217.886.713;-481.773.096
Araras;128676;644.83;122418.68;1497398.96;528971.91;2550544.26;584687.25;5284021.06;41442.98;0.78;0.76;0.86;0.73;0.86;-223.569.477;-473.838.889
Araçariguama;20223;145.2;1185.79;766996.66;107357.67;1481381.03;487302.68;2844223.83;143249.75;0.7;0.72;0.81;0.6;0.74;-23.438.611;-47.061.389
Araçatuba;188884;1167.13;96174.19;1209743.36;660648.21;4405628.59;598338.52;6970532.86;37058.18;0.79;0.78;0.84;0.74;0.83;-21.207.992;-504.390.225
Araçoiaba da Serra;31373;255.33;21992.1;147009.81;121087.74;311046.44;66897.87;668033.96;21636.03;0.78;0.75;0.86;0.72;0.75;-235.045.367;-476.168.158
Arco-Íris;1832;264.9;19210.62;5870.21;12108.52;9148.41;1416.18;47753.94;25939.13;0.72;0.67;0.81;0.69;0.72;-217.741.308;-504.668.814
Arealva;8127;504.97;63077.69;12404.85;33030.82;92947.42;11974.11;213434.9;26369.52;0.74;0.72;0.84;0.68;0.77;-220.301.906;-489.111.936
Areias;3807;305.23;5873.93;1992.96;19630.27;14058.17;1456.55;43011.88;11351.78;0.7;0.63;0.8;0.67;0.64;-225.800.929;-446.975.127
Areiópolis;10788;85.91;22810.73;9759.36;41952.34;55166.4;5095.34;134784.17;12534.56;0.7;0.69;0.82;0.59;0.72;-226.758.064;-486.673.653
Ariranha;9171;132.62;28757.21;215860.47;40565.85;303063.7;132491.08;720738.32;79219.42;0.73;0.73;0.81;0.66;0.88;-2.118.716;-48.790.418
Artur Nogueira;51092;178.03;115395.56;150619.62;185970.29;517120.82;111963.14;1081069.43;21470.66;0.75;0.74;0.83;0.68;0.78;-22.572.737;-47.172.679
Arujá;86746;96.17;24931.09;754285.21;352025.3;3360069.73;820565.68;5311877.0;62283.11;0.78;0.76;0.87;0.73;0.85;-23.396.266;-463.175.449
Aspásia;1774;69.37;10070.69;1715.69;11537.82;9010.87;846.21;33181.28;18672.64;0.74;0.7;0.86;0.66;0.79;-20.160.028;-50.728.046
Assis;100184;460.61;65695.12;485332.89;395613.06;2019319.04;337987.74;3303947.86;33175.16;0.8;0.77;0.86;0.78;0.82;-226.620.892;-50.420.623
Atibaia;137107;478.52;165003.06;1320361.2;566782.67;3120684.76;989967.63;6162799.32;45356.39;0.76;0.79;0.85;0.67;0.87;-231.177.393;-465.547.861
Auriflama;14429;434.5;28172.45;32022.94;59503.11;158340.26;16032.51;294071.28;20410.28;0.77;0.75;0.84;0.74;0.77;-206.840.418;-505.554.616
Avanhandava;11949;338.37;44779.25;184441.8;49974.82;118360.89;30514.88;428071.64;36072.44;0.7;0.69;0.82;0.62;0.73;-214.603.331;-499.465.156
Avaré;86669;1213.06;119649.94;454730.12;352381.32;1467195.82;227082.86;2621040.06;30393.1;0.77;0.75;0.87;0.7;0.81;-231.045.215;-489.259.103
Avaí;5223;540.69;162331.53;10628.43;25660.45;59450.71;5830.49;263901.61;50838.3;0.71;0.67;0.83;0.65;0.75;-221.564.662;-493.316.395
Bady Bassitt;16037;110.37;16171.36;37203.37;69007.95;171952.25;24367.64;318702.57;20053.02;0.75;0.74;0.8;0.7;0.79;-209.178.969;-494.517.911
Balbinos;3699;91.64;15266.04;5493.01;21284.64;10866.83;1483.14;54393.66;14708.94;0.67;0.69;0.81;0.54;0.64;-219.006.253;-493.583.966
Bananal;10560;616.43;8610.76;33925.58;45841.88;96980.45;16845.22;202203.89;19231.87;0.73;0.69;0.87;0.65;0.66;-226.828.195;-443.221.095
Barbosa;7142;205.21;16892.66;9299.24;27650.64;32404.69;3185.48;89432.72;12646.03;0.7;0.68;0.84;0.6;0.73;-21.265.661;-49.951.816
Bariri;33540;444.4;72377.53;276802.64;137966.46;540166.83;119025.13;1146338.59;34409.08;0.75;0.74;0.87;0.66;0.77;-220.746.355;-487.394.852
Barra Bonita;34971;150.12;21503.97;367581.27;141093.19;707704.06;149912.95;1387795.44;39650.17;0.79;0.76;0.87;0.74;0.8;-22.490.859;-48.558.349
Barra do Chapéu;5470;405.68;36793.81;3543.19;21569.61;17792.9;1858.69;81558.2;14995.07;0.66;0.62;0.78;0.6;0.71;-24.472.203;-49.023.784
Barra do Turvo;7676;1007.67;3855.07;3869.09;34893.59;29427.78;6237.51;78283.04;10206.39;0.64;0.62;0.79;0.53;0.69;-24.756.421;-485.056.942
Barretos;116973;1566.16;239259.75;931826.73;513944.3;2389509.31;369041.31;4443581.4;38162.31;0.79;0.76;0.88;0.74;0.86;-205.531.437;-485.697.509
Barrinha;31574;146.02;30739.29;83934.3;117988.92;210610.11;25703.45;468976.08;15031.77;0.72;0.71;0.83;0.65;0.74;-211.898.849;-481.550.642
Barueri;259793;65.7;336.18;4103571.24;1728842.18;28060581.46;13660257.8;47553588.86;184656.2;0.79;0.79;0.87;0.71;0.88;-235.112.184;-468.764.612
Barão de Antonina;3328;153.14;7525.56;3247.42;17076.53;45549.07;6253.74;79652.32;24129.75;0.71;0.68;0.82;0.65;0.7;-236.295.651;-495.632.104
Bastos;20284;170.91;580210.27;75193.38;81040.73;269743.15;41932.29;1048119.82;51692.63;0.75;0.7;0.85;0.72;0.82;-219.200.478;-507.344.335
Batatais;59517;849.53;170048.63;157922.49;233565.3;808101.2;109801.49;1479439.12;25004.46;0.76;0.77;0.84;0.68;0.81;-20.892.867;-47.592.149
Bauru;360478;667.68;42933.09;2492140.71;1390164.79;8598393.65;1248120.63;13771752.86;38402.18;0.8;0.8;0.85;0.75;0.86;-223.218.102;-490.705.863
Bebedouro;74373;683.19;120479.55;489836.36;309045.34;1947023.79;394116.38;3260501.42;43775.11;0.78;0.76;0.85;0.74;0.86;-20.949.077;-48.479.083
Bento de Abreu;2892;301.69;37580.31;64608.69;17680.87;38094.32;11807.27;169771.47;59236.38;0.74;0.71;0.82;0.71;0.73;-212.719.472;-508.115.509
Bernardino de Campos;10780;244.16;26365.1;47375.31;42580.38;101819.14;18528.45;236668.39;21960.51;0.73;0.71;0.84;0.66;0.75;-230.140.216;-494.760.724
Bertioga;60120;491.55;5979.12;158706.38;351905.84;995471.79;94489.8;1606552.93;27417.92;0.73;0.73;0.82;0.65;0.82;-23.848.568;-46.139.586
Bilac;7676;158.02;56254.01;9558.31;30833.43;79902.74;8354.32;184902.82;24310.13;0.77;0.74;0.84;0.72;0.8;-21.403.962;-5.047.464
Birigui;118960;530.03;67652.35;557229.37;462336.48;1749459.98;309960.24;3146638.42;26713.29;0.78;0.74;0.87;0.73;0.83;-212.908.491;-5.034.144
Boa Esperança do Sul;14396;690.75;135844.42;31959.83;61853.03;119088.31;16661.88;365407.47;25547.61;0.68;0.69;0.81;0.56;0.74;-219.930.206;-483.917.372
Bocaina;11888;363.93;39912.55;26154.53;51109.59;95684.06;12350.66;225211.39;19139.24;0.74;0.74;0.84;0.66;0.82;-221.441.706;-485.294.858
Bofete;10790;653.54;31035.86;23777.86;45458.31;56339.1;7860.07;164471.2;15441.86;0.7;0.7;0.82;0.61;0.73;-231.019.554;-482.610.535
Boituva;55630;248.95;23615.98;907282.25;248443.82;1114209.57;403314.41;2696866.03;49197.62;0.78;0.76;0.86;0.73;0.85;-232.838.893;-476.738.231
Bom Jesus dos Perdões;23399;108.37;8349.99;324615.22;95275.41;321322.37;114360.22;863923.21;37617.49;0.71;0.72;0.8;0.63;0.81;-231.353.864;-464.648.052
Bom Sucesso de Itararé;3797;133.58;3962.24;12821.91;18412.46;15382.39;2392.41;52971.4;14065.69;0.66;0.6;0.78;0.61;0.72;-243.190.016;-491.446.207
Borborema;15183;552.26;122078.92;27766.58;64943.08;173911.67;20414.03;409114.29;27068.56;0.73;0.71;0.83;0.66;0.76;-216.212.706;-49.074.135
Borebi;2524;347.99;19187.65;3877.18;15882.13;20057.17;3475.14;62479.26;25021.73;0.7;0.67;0.85;0.62;0.76;-225.700.178;-489.714.871
Borá;810;118.95;14626.8;29287.61;7998.2;17212.57;5039.62;74164.81;91561.49;0.75;0.71;0.86;0.68;0.83;-222.701.088;-50.544.407
Botucatu;138590;1482.64;194540.72;970290.59;457842.41;2290444.09;377551.45;4290669.26;31242.59;0.8;0.79;0.87;0.75;0.87;-228.879.628;-484.410.712
Bragança Paulista;160840;512.58;50981.23;1413094.04;601623.68;2935876.68;670867.0;5672442.62;35610.34;0.78;0.77;0.86;0.7;0.86;-229.520.235;-465.418.586
Braúna;5452;195.18;23530.97;8354.45;24170.06;34976.44;3498.69;94530.62;17499.19;0.74;0.72;0.83;0.66;0.67;-215.015.319;-503.175.246
Brejo Alegre;2732;105.69;10358.61;103216.73;18050.32;45541.18;16258.36;193425.19;71295.68;0.71;0.7;0.83;0.62;0.82;-211.671.191;-501.850.393
Brodowski;23430;278.46;62259.92;142158.15;97366.05;281634.81;55952.6;639371.53;27586.47;0.76;0.74;0.86;0.68;0.77;-20.984.532;-47.657.217
Brotas;23423;1101.37;96908.88;200355.69;100365.81;339931.38;66453.84;804015.61;34637.93;0.74;0.72;0.82;0.69;0.82;-222.840.884;-481.267.265
Buri;19428;1195.91;97996.46;37316.97;81159.72;132763.0;19270.01;368506.16;19089.63;0.67;0.64;0.8;0.58;0.76;-2.379.849;-48.598.924
Buritama;16377;326.92;50861.12;247056.99;70059.66;206079.37;30043.73;604100.87;37134.3;0.76;0.74;0.84;0.72;0.74;-210.664.017;-501.448.077
Buritizal;4259;266.42;42539.46;66310.06;25234.28;36526.98;7436.84;178047.63;42032.02;0.74;0.74;0.83;0.64;0.8;-201.912.521;-477.087.938
Bálsamo;8460;149.88;36587.73;11222.86;33939.88;106287.33;15270.31;203308.1;24120.07;0.76;0.75;0.84;0.7;0.79;-207.343.722;-495.807.484
Cabreúva;47842;260.23;28712.25;1087489.99;211099.31;1989300.52;977721.64;4294323.72;91236.59;0.74;0.72;0.83;0.68;0.84;-233.075.813;-471.324.417
Cachoeira Paulista;31825;287.99;13005.59;69027.09;122261.5;357149.53;29937.68;591381.38;18700.99;0.76;0.73;0.84;0.73;0.75;-22.666.498;-45.015.384
Caconde;18786;468.22;84812.98;41396.38;69380.17;137249.3;10754.85;343593.68;18323.04;0.72;0.7;0.86;0.62;0.69;-21.527.995;-46.643.659
Cafelândia;17121;920.28;97479.35;81826.84;75128.73;184398.6;29508.62;468342.15;27452.65;0.74;0.71;0.87;0.66;0.7;-218.054.355;-496.030.627
Caiabu;4099;253.35;18381.32;3825.12;18810.24;18197.31;1382.82;60596.82;14786.93;0.73;0.68;0.82;0.69;0.72;-220.143.038;-512.356.597
Caieiras;97763;97.64;1876.43;1106490.07;366926.59;1369992.82;444319.57;3289605.48;34135.87;0.78;0.74;0.86;0.75;0.83;-233.644.621;-467.484.765
Caiuá;5489;551.16;24939.97;2870.07;27556.25;18455.82;3820.73;77642.85;14285.71;0.7;0.66;0.8;0.64;0.65;-218.319.357;-519.887.179
Cajamar;74910;131.39;195.21;2258830.92;390543.46;8877513.44;3476107.63;15003190.67;203880.94;0.73;0.71;0.81;0.67;0.84;-233.561.111;-468.769.444
Cajati;28795;454.44;236014.47;670371.34;117780.5;388594.66;152573.59;1565334.56;54546.98;0.69;0.66;0.83;0.61;0.72;-247.272.376;-481.077.914
Cajobi;10046;176.93;28436.25;9240.57;40181.67;67831.48;7004.81;152694.78;15245.09;0.73;0.71;0.82;0.67;0.73;-208.776.238;-488.106.972
Cajuru;25206;660.09;105636.52;90964.95;96410.6;226847.37;55163.74;575023.17;23018.42;0.71;0.69;0.82;0.63;0.71;-212.759.978;-473.046.035
Campina do Monte Alegre;5763;185.03;20901.29;14565.85;26170.78;39771.35;4588.93;105998.2;18473.02;0.72;0.69;0.85;0.63;0.71;-235.935.653;-484.801.876
Campinas;1158944;794.57;103182.6;9993493.46;4542556.23;34770630.45;9643700.28;59053563.02;51317.32;0.8;0.83;0.86;0.73;0.84;-2.290.556;-4.706.083
Campo Limpo Paulista;81126;79.4;6544.33;532783.83;295796.17;869271.28;217798.03;1922193.64;23943.02;0.77;0.73;0.84;0.74;0.78;-23.207.791;-46.788.919
Campos Novos Paulista;4760;484.2;46180.04;8715.46;23214.98;42737.75;5483.93;126332.16;26697.41;0.71;0.67;0.82;0.64;0.76;-22.601.952;-49.998.726
Campos do Jordão;49666;290.52;3880.86;122827.51;212895.26;782435.93;73511.18;1195550.75;24180.87;0.75;0.76;0.85;0.65;0.77;-226.929.855;-455.184.917.977.816
Cananéia;12289;1237.36;33095.56;47667.6;54526.94;112186.8;11295.31;258772.21;21101.87;0.72;0.68;0.81;0.65;0.67;-250.104.609;-479.315.628
Canas;4929;53.26;1261.88;46070.08;23604.49;159166.64;26626.55;256729.64;52803.3;0.7;0.65;0.8;0.68;0.7;-227.029.347;-450.526.508
Canitar;4862;57.46;11031.56;100815.15;22942.8;44829.73;14837.32;194456.56;40528.67;0.68;0.66;0.79;0.6;0.74;-230.066.616;-497.840.632
Capela do Alto;19913;169.89;36620.69;25166.07;82246.77;125405.46;16340.36;285779.36;14576.12;0.7;0.67;0.82;0.62;0.73;-234.704.798;-477.352.309
Capivari;53100;322.88;68515.09;557711.01;233394.66;769018.97;248734.95;1877374.68;35730.25;0.75;0.74;0.85;0.67;0.82;-22.995.144;-4.750.715
Capão Bonito;46303;1640.23;126724.12;72312.38;177328.71;391732.22;46317.41;814414.85;17610.11;0.72;0.68;0.83;0.67;0.77;-2.405.314.205;-481.608.367.818.716
Caraguatatuba;113208;484.95;15623.23;330874.59;553421.84;1816015.82;212351.0;2928286.47;26195.23;0.76;0.74;0.84;0.7;0.8;-2.362.028;-4.541.306
Carapicuíba;390010;34.55;240.13;799181.01;1086566.15;3135361.04;473008.51;5494356.82;14170.39;0.75;0.72;0.84;0.69;0.78;-235.234.673;-468.406.808
Cardoso;11740;639.25;79428.93;14662.43;51891.98;105458.2;8115.57;259557.11;22091.85;0.72;0.7;0.85;0.64;0.71;-20.080.447;-499.139.767
Casa Branca;29236;864.22;191197.44;46732.72;123992.57;378709.93;61089.66;801722.3;27527.89;0.73;0.73;0.84;0.64;0.81;-217.743.137;-470.852.175
Castilho;20191;1065.32;66153.59;406016.59;101473.6;340460.96;87024.69;1001129.42;50234.8;0.73;0.69;0.83;0.69;0.7;-208.695.636;-514.877.792
Catanduva;116435;290.6;60808.64;850547.64;475354.01;2232544.61;355404.22;3974659.11;34249.24;0.78;0.77;0.85;0.74;0.86;-211.331.035;-489.712.817
Catiguá;7455;148.39;24765.82;6649.27;30921.83;49806.09;6178.63;118321.65;15950.61;0.75;0.73;0.85;0.68;0.75;-210.491.485;-490.578.923
Caçapava;90057;368.99;17708.79;1558692.22;342568.46;1489234.6;666919.17;4075123.25;45540.75;0.79;0.75;0.86;0.76;0.82;-23.099.204;-45.707.645
Cedral;8673;197.84;44158.22;71104.46;40726.49;123106.72;33653.66;312749.54;36400.09;0.77;0.75;0.87;0.69;0.84;-209.028.433;-492.699.665
Cerqueira César;18879;511.62;69419.14;272898.36;83180.28;269844.18;57663.85;753005.81;40233.27;0.73;0.71;0.82;0.67;0.68;-230.353.135;-491.650.519
Cerquilho;45164;127.8;63121.65;544636.19;180916.72;720497.26;234085.14;1743256.96;39128.59;0.78;0.76;0.85;0.74;0.86;-231.626.556;-477.433.878
Cesário Lange;16951;190.39;41393.35;79197.14;69892.07;193084.65;35621.01;419188.22;24944.26;0.71;0.72;0.8;0.61;0.75;-23.226.035;-47.954.453
Charqueada;16571;175.85;28679.24;92310.03;61971.09;139280.48;28672.35;350913.18;21404.98;0.74;0.72;0.82;0.68;0.75;-2.250.958;-47.775.468
Chavantes;12201;188.73;35996.75;15458.57;50092.12;97146.52;12833.28;211527.24;17352.52;0.73;0.71;0.83;0.66;0.67;-230.406.405;-497.071.698
Clementina;8087;168.59;18183.62;80366.22;32158.36;94622.79;19816.11;245147.11;30758.73;0.72;0.7;0.82;0.66;0.83;-215.594.631;-50.448.624
Colina;17568;422.3;97368.84;373239.63;83061.45;310982.79;84326.78;948979.48;54072.9;0.76;0.72;0.84;0.71;0.82;-20.711.443;-4.853.867
Colômbia;6037;728.65;137480.25;85830.08;37563.51;77194.97;20150.92;358219.74;59366.88;0.71;0.69;0.8;0.65;0.78;-201.774.291;-486.872.822
Conchal;26881;182.79;47049.87;169657.95;114140.19;269525.69;55659.46;656033.16;24587.11;0.71;0.7;0.83;0.61;0.81;-22.337.512;-47.172.927
Conchas;16966;466.12;46866.49;36086.49;70789.11;168354.28;22166.87;344263.23;20392.33;0.74;0.72;0.84;0.66;0.74;-230.133.538;-480.077.595
Cordeirópolis;23732;137.58;57316.34;722705.53;134041.92;1294870.82;401102.75;2610037.36;111421.02;0.76;0.75;0.86;0.67;0.83;-224.768.324;-474.550.551
Coroados;5802;246.82;51372.26;24666.57;24311.57;52729.77;8780.68;161860.84;28198.75;0.72;0.7;0.82;0.65;0.7;-213.554.634;-502.853.589
Coronel Macedo;4864;303.83;28044.1;6458.45;22945.11;20763.27;1870.98;80081.91;16430.43;0.69;0.65;0.81;0.62;0.7;-236.304.001;-49.313.234
Corumbataí;3945;278.62;29438.08;9276.58;23894.14;114717.04;31440.8;208766.65;53040.31;0.75;0.73;0.84;0.7;0.79;-222.210.521;-476.249.638
Cosmorama;7038;441.68;80360.63;55030.52;32555.14;79147.0;25071.01;272164.31;38555.65;0.72;0.7;0.85;0.63;0.84;-20.475.472;-49.782.747
Cosmópolis;68838;154.66;25496.59;550711.91;245067.32;612042.63;142342.31;1575660.76;23292.4;0.77;0.75;0.88;0.7;0.75;-226.437.398;-471.972.086
Cotia;238189;323.99;18474.57;2590621.01;939138.67;5740349.46;2284785.66;11573369.38;49521.7;0.78;0.79;0.85;0.71;0.84;-23.603.889;-46.918.889
Cravinhos;33896;311.42;63726.25;224010.6;133387.6;485161.53;128949.98;1035235.95;30780.36;0.76;0.74;0.86;0.68;0.84;-21.340.278;-47.729.444
Cristais Paulista;8265;385.23;71107.01;14258.6;34766.93;68203.16;7318.2;195653.9;23898.12;0.73;0.68;0.8;0.68;0.76;-20.403.569;-47.420.915
Cruzeiro;79386;305.7;6977.57;607797.32;289499.37;978878.29;253576.12;2136728.67;27007.2;0.79;0.74;0.87;0.76;0.8;-225.617.351;-450.178.668.262.032
Cruzália;2144;149.33;21399.87;5968.84;13454.56;77749.86;12645.83;131218.95;60805.82;0.77;0.7;0.85;0.78;0.73;-227.434.438;-507.911.037
Cubatão;127079;142.88;960.5;6628257.3;833356.22;3430522.76;1443816.73;12336913.5;97866.19;0.74;0.72;0.82;0.68;0.81;-238.857.982;-464.241.869
Cunha;21687;1407.25;24077.57;14789.44;79627.9;116278.49;8764.75;243538.14;11227.61;0.68;0.67;0.83;0.58;0.7;-2.307.753;-449.567.436
Cássia dos Coqueiros;2518;191.68;94947.14;5667.98;15136.99;22493.34;1605.69;139851.14;55298.99;0.73;0.68;0.86;0.67;0.78;-21.280.082;-47.164.327
Cândido Mota;29997;595.81;104489.26;177302.37;123239.1;497998.58;102637.68;1005666.98;33536.77;0.75;0.7;0.84;0.7;0.8;-227.434.964;-5.038.924
Cândido Rodrigues;2674;70.89;44705.21;13972.27;15598.69;35570.4;5482.8;115329.37;43113.78;0.79;0.75;0.86;0.76;0.79;-213.255.615;-486.308.798
Descalvado;32176;753.71;145240.19;493345.36;130894.96;631609.67;242255.98;1643346.16;51277.65;0.76;0.74;0.86;0.69;0.83;-218.799.011;-476.503.557.936.574
Diadema;401159;30.73;816.43;3240519.28;1570593.7;6258426.86;2342346.3;13412702.57;33572.88;0.76;0.72;0.84;0.72;0.83;-23.681.347;-4.662.052
Dirce Reis;1713;88.13;8692.46;18793.57;13141.24;15212.74;4711.77;60551.78;35369.03;0.74;0.69;0.84;0.7;0.68;-204.664.067;-50.606.276
Divinolândia;10940;223.75;60813.95;13944.65;45415.09;166296.08;13366.21;299835.98;27342.33;0.73;0.72;0.85;0.64;0.75;-216.604.584;-467.371.151
Dobrada;8710;149.73;27281.33;14687.32;32549.02;33994.19;8528.89;117040.76;13585.69;0.72;0.69;0.82;0.66;0.7;-215.180.904;-483.938.897
Dois Córregos;26526;632.97;117957.85;106997.98;98730.85;276311.04;53860.19;653857.91;24856.79;0.72;0.72;0.85;0.62;0.74;-224.425;-48.333.375
Dolcinópolis;2051;77.94;14394.96;3314.01;11360.34;14621.75;1163.4;44854.47;21795.18;0.74;0.7;0.82;0.71;0.76;-201.230.736;-50.513.261
Dourado;8506;205.87;31140.61;134221.36;35304.56;253268.24;141113.84;595048.62;69874.19;0.74;0.72;0.81;0.69;0.81;-221.124.638;-483.151.079
Dracena;44694;487.69;53579.26;108487.5;166346.78;747767.57;90653.76;1166834.86;26194.52;0.78;0.75;0.84;0.74;0.77;-21.484.311;-51.535.034
Duartina;12031;264.56;14001.72;44505.5;49292.49;130960.12;13178.78;251938.6;20892.16;0.75;0.72;0.84;0.7;0.69;-22.414.562;-49.408.355
Dumont;9321;111.38;25802.44;61659.78;34610.11;87444.4;24454.15;233970.87;25431.62;0.74;0.72;0.85;0.67;0.78;-212.391.417;-479.747.665
Echaporã;6235;515.26;47928.51;8817.82;25938.07;41829.56;3576.42;128090.37;20514.15;0.74;0.72;0.83;0.69;0.79;-224.325.855;-502.037.693
Eldorado;15072;1654.26;190361.27;16126.06;58965.89;87658.8;8897.07;362009.08;24150.04;0.69;0.63;0.85;0.62;0.71;-2.439.723.075;-481.212.483.134.615
Elias Fausto;17048;202.36;87657.69;185540.21;71876.03;201550.51;85711.97;632336.4;37414.14;0.7;0.7;0.82;0.58;0.82;-230.416.538;-473.718.002
Elisiário;3428;93.98;19826.25;5014.46;17302.93;22824.66;2929.33;67897.63;20011.09;0.75;0.71;0.82;0.71;0.77;-211.673.392;-491.111.015
Embaúba;2409;83.13;17249.62;6232.16;14294.19;15195.79;1375.69;54347.45;22569.54;0.73;0.72;0.84;0.64;0.77;-209.819.513;-48.837.455
Embu das Artes;264787;70.4;288.15;1217896.42;891543.35;7281645.24;2321675.72;11713048.88;44734.3;0.74;0.7;0.84;0.68;0.81;-236.495.294;-468.528.497
Embu-Guaçu;66993;155.64;1606.73;214770.37;242460.48;471475.8;113177.05;1043490.42;15698.67;0.75;0.71;0.83;0.71;0.77;-238.317.997;-468.156.204
Emilianópolis;3063;225.17;21657.07;3892.38;17181.32;16632.2;1361.95;60724.92;19851.23;0.73;0.69;0.8;0.69;0.66;-21.831.436;-51.483.168
Engenheiro Coelho;19628;109.94;24954.12;155387.94;73598.94;282935.23;59756.92;596633.14;31090.84;0.73;0.72;0.82;0.67;0.74;-224.896.659;-472.119.005
Espírito Santo do Pinhal;42461;389.24;68147.86;258687.03;155282.61;653404.12;123490.3;1259011.92;29690.18;0.79;0.78;0.87;0.71;0.77;-22.190.871;-4.674.767
Espírito Santo do Turvo;4685;193.67;20625.34;4376.12;21594.9;21191.91;3748.13;71536.39;15453.96;0.7;0.68;0.82;0.61;0.64;-226.939.723;-494.295.067
Estiva Gerbi;10877;74.14;39338.27;105302.42;48896.51;96779.25;22911.48;313227.94;29064.48;0.74;0.72;0.82;0.7;0.68;-222.754.831;-469.525.448
Estrela d'Oeste;8119;296.28;43785.55;431080.0;35949.98;262648.57;85994.74;859458.84;105688.5;0.76;0.71;0.87;0.7;0.79;-202.860.692;-503.986.216
Estrela do Norte;2661;264.99;21276.78;10280.53;16764.7;14240.38;1907.18;64469.57;24254.92;0.74;0.69;0.82;0.71;0.74;-224.861.295;-516.624.801
Euclides da Cunha Paulista;9523;573.89;31713.22;6402.85;35438.89;33244.83;3135.18;109934.97;11555.07;0.7;0.66;0.8;0.66;0.67;-2.255.452;-52.592.779
Fartura;15570;429.17;69147.6;45850.72;60548.31;191540.37;21560.07;388647.07;25019.12;0.73;0.7;0.87;0.65;0.84;-23.390.039;-495.109.023
Fernando Prestes;5567;169.99;83410.06;16897.56;24455.28;64937.39;9848.28;199548.57;35851.34;0.76;0.75;0.86;0.68;0.85;-21.266.061;-48.687.384
Fernandópolis;65887;549.8;84319.38;277032.75;255463.57;1166769.1;146691.32;1930276.12;29346.21;0.8;0.77;0.87;0.76;0.83;-202.825.647;-502.500.762
Fernão;1631;100.5;22042.42;2763.15;10987.54;9119.79;1150.74;46063.65;28399.29;0.7;0.67;0.84;0.62;0.81;-223.595.388;-495.209.504
Ferraz de Vasconcelos;188035;29.56;1752.22;829615.48;592287.8;1300466.58;265738.21;2989860.29;16110.55;0.74;0.69;0.83;0.7;0.69;-23.541.056;-4.637.097
Flora Rica;1615;224.71;15289.23;1849.71;11991.85;9407.11;700.52;39238.43;24102.23;0.73;0.67;0.8;0.72;0.71;-216.760.063;-513.804.532
Floreal;2884;204.24;17948.44;4458.95;17413.83;17878.8;1753.9;59453.92;20522.58;0.75;0.71;0.81;0.73;0.71;-206.767.063;-501.455.638
Flórida Paulista;12249;524.14;53357.37;12030.66;51598.58;73874.77;5882.28;196743.68;15975.94;0.72;0.7;0.81;0.65;0.71;-216.149.587;-511.706.105
Franca;337738;605.68;49446.77;1686936.05;1168903.42;5600992.66;903030.96;9409309.87;28040.28;0.78;0.75;0.84;0.75;0.88;-205.381.768;-474.009.795
Francisco Morato;170189;49.0;451.31;132648.48;532960.25;724331.93;74235.58;1464627.54;8711.8;0.7;0.66;0.82;0.65;0.69;-232.817.308;-467.448.996
Franco da Rocha;148126;132.78;3517.3;981602.23;481976.95;1305278.74;257418.78;3029793.99;20733.69;0.73;0.7;0.85;0.65;0.76;-233.328.038;-46.724.446
Gabriel Monteiro;2692;138.68;15128.33;19314.42;14543.5;23713.27;2907.21;75606.73;28064.86;0.76;0.72;0.81;0.76;0.8;-215.299.436;-505.533.059
Garça;42597;555.81;80480.48;228101.08;163047.03;596282.59;91213.67;1159124.85;27175.06;0.77;0.74;0.85;0.73;0.8;-222.125.766;-496.547.994
Gastão Vidigal;4664;180.57;18221.39;3258.72;20215.67;22554.18;2444.5;66694.46;14454.8;0.72;0.73;0.82;0.64;0.63;-207.952.902;-501.905.016
Gavião Peixoto;4572;243.77;71071.0;518204.32;28381.91;134545.38;87612.45;839815.06;184453.12;0.72;0.69;0.8;0.68;0.82;-218.377.536;-48.492.853
General Salgado;10663;494.38;47374.9;18088.14;48904.71;130399.7;15095.84;259863.3;24352.29;0.75;0.73;0.81;0.7;0.7;-206.488.139;-503.608.101
Getulina;10827;676.76;70842.33;8196.28;42727.46;67749.37;5602.49;195117.93;18038.08;0.72;0.7;0.81;0.65;0.64;-217.988.557;-499.288.096
Glicério;4714;272.8;23533.96;17414.35;23002.99;29104.05;4006.92;97062.27;20660.34;0.74;0.74;0.86;0.63;0.78;-213.814.805;-502.100.452
Guaimbê;5507;217.81;17627.48;2599.03;22231.1;27073.36;2538.71;72069.68;13120.28;0.73;0.68;0.83;0.69;0.7;-21.909.072;-4.989.861
Guaiçara;11698;277.15;29384.19;28757.94;45449.74;68421.3;13253.26;185266.43;16004.36;0.74;0.7;0.85;0.68;0.64;-21.619.537;-49.801.287
Guapiara;17741;408.29;124329.95;37425.05;64167.91;79109.74;12123.34;317155.97;17894.15;0.68;0.63;0.81;0.6;0.68;-2.418.921;-48.529.549
Guapiaçu;20293;325.13;76302.8;137544.72;77832.47;197562.23;39737.39;528979.62;26421.24;0.72;0.73;0.87;0.6;0.79;-2.079.663;-492.253.917
Guaraci;10781;641.5;134588.07;67477.57;53104.21;98403.02;23106.71;376679.58;35253.12;0.74;0.7;0.84;0.68;0.78;-204.976.771;-489.452.074
Guarani d'Oeste;1932;85.7;6556.4;3382.76;12279.31;10678.54;1110.79;34007.8;17556.94;0.73;0.68;0.81;0.71;0.68;-200.737.613;-503.379.634
Guarantã;6461;461.75;52398.97;24852.43;27571.13;54392.11;7436.27;166650.92;25829.34;0.71;0.7;0.83;0.62;0.73;-218.950.705;-49.590.107
Guararapes;31822;955.64;215330.21;190987.54;123385.41;400447.95;57105.19;987256.3;31147.66;0.76;0.73;0.84;0.73;0.8;-212.537.115;-506.441.746
Guararema;28692;270.82;34386.49;241056.04;120745.73;386786.71;177984.55;960959.52;33920.21;0.73;0.73;0.82;0.66;0.81;-234.133.724;-460.379.249
Guaratinguetá;117177;752.64;27005.14;1808323.95;443474.63;2256147.95;742742.1;5277693.77;45264.4;0.8;0.76;0.89;0.75;0.81;-228.057.839;-451.908.926
Guaraçaí;8424;569.2;82888.91;11867.78;37928.55;86377.21;9930.15;228992.6;27170.46;0.72;0.7;0.8;0.66;0.73;-210.334.804;-512.091.553
Guareí;15512;567.88;52778.18;43970.69;60763.51;69302.43;13014.0;239828.81;15578.36;0.69;0.69;0.8;0.58;0.75;-233.718.195;-48.184.685
Guariba;38344;270.29;64309.02;218824.94;144568.97;391870.9;69883.19;889457.03;23400.61;0.72;0.71;0.81;0.64;0.77;-2.135.938;-4.823.158
Guarujá;311128;144.79;36451.98;1547007.91;1392761.7;4654626.53;958893.32;8589741.43;27841.58;0.75;0.73;0.85;0.68;0.78;-239.927.768;-462.558.332
Guarulhos;1325750;318.68;33651.22;10558105.44;5192961.91;30562197.9;9396733.52;55743650.0;42449.72;0.76;0.75;0.83;0.72;0.84;-234.430.602;-46.524.459
Guará;20622;362.18;69389.82;65583.38;84889.66;183166.81;19351.71;422381.37;20582.88;0.72;0.71;0.83;0.63;0.68;-204.290.496;-478.250.067
Guatapará;7345;413.57;103640.29;8839.56;37223.08;56457.74;11348.83;217509.5;29808.07;0.74;0.72;0.82;0.69;0.74;-21.496.092;-480.360.685
Guaíra;38766;1258.46;234522.0;1876488.15;180592.44;1059219.25;346454.35;3697276.19;95737.23;0.75;0.76;0.82;0.68;0.83;-203.245.873;-483.148.818
Guzolândia;5038;252.48;15469.93;3994.59;22538.8;18110.48;1518.56;61632.36;12316.62;0.7;0.68;0.81;0.62;0.68;-206.491.637;-506.622.974
Gália;6629;355.91;30058.65;13420.12;27202.67;59336.89;7838.33;137856.66;20689.88;0.71;0.68;0.82;0.63;0.72;-222.936.976;-495.516.228
Herculândia;9147;364.25;78092.46;83880.68;34009.65;87387.7;18995.54;302366.03;33259.93;0.73;0.68;0.81;0.7;0.68;-220.067.635;-503.865.804
Holambra;13901;65.58;275892.22;138558.7;69676.39;344597.14;79440.27;908164.72;66698.35;0.79;0.82;0.88;0.7;0.8;-226.332.028;-470.545.305
Hortolândia;222649;62.42;1067.32;4595480.27;880926.77;5612969.47;1838183.69;12928627.51;59052.63;0.76;0.72;0.86;0.7;0.82;-2.285.833;-47.22
Iacanga;11060;547.39;101247.01;53102.4;48387.39;176739.91;33703.97;413180.69;37771.34;0.74;0.72;0.85;0.68;0.82;-218.928.341;-490.226.082
Iacri;6305;321.95;91194.8;11793.14;25394.43;65340.2;11996.89;205719.46;32550.55;0.73;0.7;0.82;0.66;0.7;-218.586.223;-506.894.916
Iaras;6785;401.38;37425.33;8419.26;32644.77;39509.13;6728.19;124726.69;18530.19;0.67;0.66;0.85;0.54;0.67;-228.742.567;-491.593.923
Ibaté;33956;290.98;60055.55;290786.94;124108.97;366842.07;74079.12;915872.65;27280.85;0.7;0.68;0.81;0.63;0.83;-219.554.092;-479.989.614
Ibirarema;7351;228.23;37889.07;20455.02;28321.35;77638.34;16108.99;180412.79;24802.42;0.71;0.69;0.82;0.63;0.64;-228.138.003;-500.737.669
Ibirá;11841;271.91;49633.8;30889.06;49506.06;102410.37;13468.66;245907.95;20958.66;0.74;0.74;0.84;0.65;0.73;-210.815.104;-492.424.619
Ibitinga;57511;689.39;134035.56;308708.24;202997.55;711090.98;124763.36;1481595.7;25982.88;0.75;0.74;0.85;0.73;0.83;-2.175.623;-48.831.903
Ibiúna;75390;1058.08;272540.31;276793.63;279236.62;674770.03;129426.56;1632767.15;21806.57;0.71;0.7;0.83;0.61;0.68;-236.548.363;-472.210.116
Icém;7922;362.36;27677.3;35005.16;37619.35;73813.18;4942.41;179057.4;22760.57;0.72;0.72;0.81;0.65;0.77;-203.413.103;-491.970.982
Iepê;7859;594.97;56005.13;14853.7;35836.65;116015.52;22183.82;244894.82;31284.47;0.74;0.7;0.81;0.7;0.71;-22.660.165;-51.077.881
Igarapava;29176;468.25;86264.88;156588.42;107669.78;603857.05;121851.55;1076231.69;37064.15;0.77;0.81;0.84;0.67;0.76;-200.411.471;-477.477.444
Igaratá;9217;292.95;1980.38;35375.43;45974.93;107089.15;26962.1;217381.98;23708.36;0.71;0.68;0.86;0.62;0.78;-232.063.475;-46.156.934
Igaraçu do Tietê;23976;97.75;15292.89;18599.12;87774.06;160846.77;16994.99;299507.83;12533.28;0.73;0.69;0.84;0.66;0.65;-22.509.044;-48.559.672
Iguape;29311;1978.8;88697.57;275358.46;122478.88;303479.79;19909.51;809924.21;27703.92;0.73;0.69;0.85;0.65;0.67;-247.042.692;-475.563.733
Ilha Comprida;10031;196.57;4034.1;375746.11;79886.85;224368.85;8907.78;692943.69;69987.24;0.72;0.7;0.82;0.66;0.79;-2.486.212.135;-477.382.249.574.931
Ilha Solteira;25643;652.64;58503.01;39767.65;129062.72;368182.73;31919.75;627435.85;24517.83;0.81;0.79;0.87;0.78;0.75;-204.281.001;-513.410.871
Ilhabela;32474;346.39;3150.28;3971694.98;219987.96;1882985.91;75790.78;6153609.91;192372.45;0.76;0.74;0.84;0.69;0.83;-23.816.628;-45.368.685
Indaiatuba;235964;311.54;31704.99;3597372.88;1017718.37;5995913.02;2847222.93;13489932.18;57999.76;0.79;0.79;0.84;0.74;0.9;-2.309.028;-4.721.806
Indiana;4785;129.37;8782.55;3981.89;20864.91;24769.35;2817.08;61215.78;12777.24;0.76;0.71;0.84;0.73;0.73;-221.748.508;-512.534.615
Indiaporã;3860;279.61;29247.74;4695.98;19642.28;35496.47;3690.16;92772.62;24015.69;0.75;0.71;0.84;0.71;0.74;-199.801.989;-502.906.062
Inúbia Paulista;3842;87.12;9154.13;5688.4;18683.09;91777.08;14596.4;139899.09;36641.98;0.76;0.69;0.85;0.75;0.77;-217.694.564;-50.961.249
Ipaussu;14333;209.55;43523.99;87355.29;59242.29;151497.69;26259.74;367879.01;25821.51;0.73;0.71;0.83;0.65;0.71;-230.552.911;-496.284.195
Iperó;33195;170.29;16359.42;139119.32;126335.33;219263.58;63272.37;564350.02;17294.37;0.72;0.68;0.81;0.67;0.67;-233.508.977;-47.687.611
Ipeúna;7244;190.01;18253.54;401157.14;30059.93;175959.62;72541.61;697971.83;98486.22;0.75;0.74;0.84;0.68;0.81;-224.356.582;-477.146.714
Ipiguá;5083;136.03;26763.83;15383.64;21892.37;27942.93;8675.32;100658.1;20087.43;0.73;0.7;0.84;0.67;0.79;-20.657.282;-493.881.146
Iporanga;4380;1152.06;6136.16;2299.59;22612.69;17703.51;1735.36;50487.31;11563.74;0.7;0.64;0.82;0.67;0.69;-245.843.214;-48.594.028
Ipuã;15526;466.46;95640.86;43303.54;70219.51;150384.48;19746.15;379294.53;24693.65;0.75;0.76;0.85;0.65;0.73;-204.441.839;-48.012.504
Iracemápolis;22982;115.12;25886.43;357911.56;94921.81;371396.29;459510.81;1309626.9;57807.41;0.78;0.74;0.86;0.73;0.85;-22.583.234;-47.522.963
Irapuru;7419;214.46;15977.35;2489.3;28616.59;35859.62;3342.2;86285.06;11566.36;0.71;0.69;0.84;0.62;0.7;-215.691.828;-513.494.606
Irapuã;7647;257.61;59437.42;10044.02;30336.92;45689.8;3867.33;149375.49;19644.33;0.71;0.69;0.84;0.62;0.65;-212.791.964;-494.101.967
Itaberá;17639;1110.35;154935.57;24308.22;67073.04;247677.15;41077.48;535071.46;30310.51;0.69;0.65;0.8;0.64;0.68;-238.621.345;-491.398.926
Itajobi;14616;502.07;180610.04;499470.1;65346.31;346892.92;99516.12;1191835.5;81532.05;0.73;0.73;0.83;0.64;0.79;-21.312.294;-490.596.336
Itaju;3577;230.36;37360.89;9686.14;18673.36;34764.7;7243.27;107728.36;30440.34;0.7;0.7;0.82;0.61;0.73;-219.816.841;-488.046.536
Itanhaém;96394;601.71;94617.85;136185.75;445585.03;1082913.26;96067.82;1855369.71;19482.02;0.74;0.72;0.82;0.7;0.79;-241.848.847;-467.921.572
Itapecerica da Serra;166229;183.02;16001.97;562121.89;587069.47;1762583.42;354165.66;3281942.41;19943.86;0.74;0.7;0.85;0.69;0.74;-237.176.303;-468.492.435
Itapetininga;156973;150.74;253556.22;1086311.25;560363.72;2111050.97;447574.59;4458856.76;28690.93;0.76;0.73;0.86;0.7;0.81;-23.588.607;-48.048.326
Itapeva;90839;1789.35;534352.63;236228.99;375187.28;1070654.05;155149.86;2371572.81;26230.15;0.73;0.7;0.8;0.7;0.8;-239.849.105;-488.803.886
Itapevi;229982;1826.26;264.14;3009822.71;813244.17;5842637.56;1931588.11;11597556.69;51268.76;0.74;0.69;0.86;0.68;0.79;-2.354.888;-46.933.889
Itapira;71034;82.66;74326.76;1255646.66;296239.38;1441849.67;389881.66;3457944.13;48839.64;0.76;0.75;0.85;0.69;0.86;-22.436.111;-46.821.667
Itapirapuã Paulista;4109;518.42;2309.04;1893.58;20228.83;12659.14;1135.84;38226.43;9380.72;0.66;0.6;0.82;0.59;0.71;-245.735.083;-491.703.846
Itaporanga;14653;406.48;37098.17;13065.82;55239.18;176935.27;26768.33;309106.77;21121.06;0.72;0.68;0.84;0.65;0.69;-237.066.252;-494.895.934
Itapura;4804;508.0;39378.4;7638.84;25177.77;26554.7;3134.91;101884.62;21458.43;0.72;0.68;0.81;0.67;0.73;-206.435.211;-515.084.479
Itapuí;13467;301.65;23168.03;192995.96;53897.0;258638.8;93278.67;621978.46;46716.12;0.72;0.72;0.84;0.63;0.77;-222.346.755;-487.189.744
Itaquaquecetuba;360462;140.02;9326.73;1442157.13;1168908.06;3457623.46;854282.64;6932298.02;19500.03;0.71;0.66;0.84;0.65;0.68;-234.754.492;-463.514.033
Itararé;48760;82.62;72139.82;79436.7;174788.88;484635.51;64363.15;875364.06;17999.38;0.7;0.67;0.8;0.65;0.76;-241.145.368;-493.352.464
Itariri;16902;1003.86;103423.23;11344.88;59091.16;86518.9;9103.24;269481.41;16117.31;0.68;0.64;0.84;0.58;0.7;-242.900.711;-47.176.151
Itatiba;114835;273.67;523253.68;1607830.38;454000.75;2085066.67;896212.51;5566364.0;49119.02;0.78;0.79;0.84;0.71;0.86;-229.965.861;-468.412.042
Itatinga;20033;322.28;55161.92;28380.84;78019.08;127870.6;21723.28;311155.72;15731.62;0.71;0.68;0.84;0.61;0.79;-231.042.417;-486.134.874
Itaí;26002;979.82;157796.95;58801.94;107319.94;225355.31;38521.7;587795.84;22824.36;0.71;0.69;0.83;0.63;0.75;-234.172.598;-490.935.788
Itirapina;16840;564.6;53529.9;29456.06;80579.83;169897.47;52790.96;386254.22;23153.95;0.72;0.73;0.81;0.64;0.78;-222.539.825;-478.206.468
Itirapuã;6204;161.12;13844.09;8071.67;26389.24;26291.53;3686.95;78283.47;12693.93;0.76;0.74;0.83;0.74;0.71;-20.641.585;-472.194.461
Itobi;7596;138.99;27208.73;8649.87;26062.4;54558.96;6861.36;123341.31;16248.36;0.72;0.7;0.82;0.65;0.7;-21.730.853;-469.743
Itu;166747;640.72;39411.89;1844558.13;673315.91;3606536.31;1408999.22;7572821.47;45825.62;0.77;0.78;0.85;0.69;0.84;-232.638.828;-47.298.892
Itupeva;56285;200.82;29519.45;2444796.3;281878.74;2181641.06;1186580.76;6124416.3;111553.82;0.76;0.75;0.84;0.7;0.88;-231.531.055;-470.580.347
Ituverava;39966;704.66;163181.41;422521.13;169657.06;655192.18;208630.1;1619181.88;40655.38;0.76;0.77;0.84;0.69;0.79;-203.366.604;-477.797.924
Itápolis;41262;996.75;245436.45;251590.13;156358.14;612352.19;107362.46;1373099.36;33392.49;0.74;0.74;0.84;0.67;0.83;-215.958.368;-488.122.696
Jaborandi;6664;273.44;55089.88;8441.1;29860.2;45199.37;3510.61;142101.16;21346.13;0.71;0.68;0.84;0.63;0.74;-206.921.079;-484.144.076
Jaboticabal;73766;706.6;217396.73;524608.38;312475.66;1449233.29;248291.42;2752005.48;37421.38;0.78;0.78;0.85;0.71;0.84;-21.252.037;-48.325.223
Jacareí;224775;464.27;24471.93;4118873.48;826614.47;4661223.41;2065171.08;11696354.38;52401.38;0.78;0.75;0.84;0.75;0.76;-2.330.528;-4.596.583
Jaci;6712;145.13;39357.11;98175.46;28183.67;123481.2;53726.6;342924.04;52060.73;0.72;0.7;0.82;0.66;0.77;-208.844.434;-495.710.544
Jacupiranga;17195;704.19;180321.4;33265.56;64722.68;285217.85;41192.9;604720.39;35194.99;0.72;0.69;0.83;0.64;0.77;-24.703.773;-480.060.639
Jales;47220;368.57;60871.19;214949.19;174562.41;841226.42;102851.27;1394460.47;29541.15;0.78;0.75;0.86;0.73;0.84;-202.671.767;-505.492.435
Jambeiro;6064;184.41;5642.82;85452.25;30677.59;59578.57;50596.6;231947.84;38728.98;0.76;0.73;0.86;0.69;0.81;-232.556.416;-456.919.926
Jandira;120523;17.45;528.28;965664.26;417680.19;1877622.28;767012.89;4028507.89;33849.88;0.76;0.74;0.84;0.71;0.8;-235.282.044;-469.019.554
Jardinópolis;41916;501.87;91834.36;154914.93;174829.25;543401.06;107325.18;1072304.79;25878.58;0.74;0.73;0.85;0.64;0.84;-210.255.126;-477.706.807
Jarinu;28642;207.55;34527.96;368637.37;138015.46;1357378.32;352963.45;2251522.57;80210.99;0.73;0.72;0.83;0.66;0.84;-230.949.584;-467.148.636
Jaú;144392;687.1;103516.75;713085.71;526007.83;2790990.07;426771.11;4560371.47;31921.96;0.78;0.77;0.89;0.69;0.8;-22.293.585;-48.559.193
Jeriquara;3144;141.97;29700.12;6202.11;17635.73;27376.89;2642.3;83557.15;26568.25;0.7;0.68;0.81;0.63;0.7;-203.104.773;-475.915.669
Joanópolis;12500;374.29;22942.87;15678.25;48817.28;110425.08;9850.26;207713.73;16726.83;0.7;0.71;0.82;0.58;0.76;-22.930.004;-46.275.208
José Bonifácio;35348;860.2;149878.97;389502.9;140009.42;599734.76;110864.83;1389990.88;39673.22;0.78;0.75;0.87;0.72;0.86;-23.564.091;-46.434.766.582.998
João Ramalho;4336;415.45;117311.54;5735.36;21839.55;31363.53;2818.27;179068.24;41518.26;0.74;0.7;0.82;0.71;0.68;-222.486.157;-507.677.114
Jumirim;3211;56.68;5274.44;37748.7;18037.5;30011.54;12861.12;103933.29;32827.95;0.74;0.72;0.86;0.66;0.8;-230.843.839;-477.882.279
Jundiaí;400549;431.21;112983.03;8240604.97;1915874.44;23137051.65;7821438.84;41227952.95;103756.49;0.82;0.83;0.87;0.77;0.89;-231.887.866;-468.845.122
Junqueirópolis;19798;582.57;73823.57;119851.32;75870.75;286105.96;57551.33;613202.93;31180.87;0.74;0.73;0.86;0.66;0.86;-215.105.888;-514.348.179
Juquitiba;30040;522.17;683.94;49730.13;110638.55;281773.14;42844.87;485670.63;16263.83;0.71;0.68;0.79;0.66;0.77;-23.932.346;-470.714.217
Juquiá;18862;812.8;117389.29;24442.99;69034.34;135948.11;14811.35;361626.09;19155.95;0.7;0.65;0.82;0.64;0.67;-243.172.209;-476.355.618
Lagoinha;4818;255.47;8031.22;3509.29;20530.83;20686.53;1856.59;54614.45;11333.15;0.69;0.69;0.8;0.61;0.59;-230.898.337;-451.903.825
Laranjal Paulista;27327;384.27;36781.22;350873.64;109869.03;377299.86;132648.64;1007472.4;37207.68;0.73;0.73;0.83;0.64;0.79;-23.050.564;-47.837.549
Lavrinhas;7051;167.07;4323.88;31292.38;29711.36;33942.4;10337.25;109607.27;15669.37;0.73;0.66;0.82;0.71;0.63;-22.570.047;-44.902.359
Lavínia;8547;537.67;53616.99;4255.48;43972.45;40468.11;5220.64;147533.66;17215.13;0.72;0.7;0.82;0.66;0.73;-211.676.933;-510.434.733
Leme;99172;402.87;85596.43;689086.25;384361.37;1452474.52;366746.8;2978265.36;30302.65;0.74;0.73;0.85;0.66;0.83;-22.185.833;-47.39
Lençóis Paulista;65399;809.54;130585.36;684359.47;265546.77;1197823.0;291387.97;2569702.58;39574.68;0.76;0.74;0.84;0.72;0.84;-226.029.897;-488.031.367
Limeira;292497;580.71;88103.14;3632099.03;1137999.0;5574861.56;1721688.77;12154751.49;41824.53;0.78;0.76;0.85;0.72;0.85;-225.615.068;-47.401.766
Lindóia;7544;48.76;5769.72;37074.96;34325.48;73039.53;14518.18;164727.88;22093.33;0.74;0.72;0.86;0.65;0.78;-22.523.056;-46.65
Lins;74441;570.06;95963.83;1425215.59;257808.39;1499088.09;295903.85;3573979.75;48218.83;0.79;0.76;0.87;0.73;0.79;-216.741.873;-497.518.932
Lorena;85839;414.16;8973.52;593835.79;302590.3;1261604.8;272662.9;2439667.32;28553.49;0.77;0.74;0.86;0.71;0.75;-227.367.652;-451.070.876
Lourdes;2174;113.94;11147.46;2273.19;13095.95;11363.32;974.32;38854.25;17896.94;0.74;0.7;0.82;0.72;0.68;-209.672.545;-50.224.966
Louveira;46225;55.13;25611.45;4121259.1;291733.9;6850238.58;2517119.27;13805962.3;305198.57;0.78;0.78;0.86;0.7;0.84;-2.308.639;-4.695.056
Lucianópolis;2256;189.54;17101.17;2702.34;14443.78;13328.11;1223.11;48798.5;21649.74;0.73;0.74;0.81;0.66;0.77;-224.310.459;-495.219.241
Lucélia;20806;314.81;28146.89;91954.43;76524.64;194215.51;37497.37;428338.85;20691.7;0.75;0.73;0.84;0.7;0.8;-217.211.293;-510.188
Luiziânia;5607;598.26;17455.61;3749.91;22264.81;25245.46;1920.35;70636.15;12759.42;0.7;0.68;0.82;0.62;0.71;-216.764.752;-503.278.714
Lupércio;4407;166.58;10244.43;12523.32;19890.04;23796.68;3061.31;69515.78;15799.04;0.72;0.68;0.83;0.67;0.74;-224.145.801;-498.183.516
Lutécia;2637;155.17;49958.49;7563.01;15440.32;17603.46;1843.5;92408.77;34950.37;0.72;0.67;0.85;0.66;0.7;-22.338.378;-50.394.007
Luís Antônio;13654;475.23;115195.92;734740.84;69814.0;274581.06;129188.51;1323520.34;98725.97;0.73;0.71;0.82;0.67;0.79;-21.552.463;-477.033.894
Macatuba;16801;224.51;48595.14;78846.38;68661.56;343361.42;69049.13;608513.62;36359.56;0.77;0.76;0.86;0.7;0.8;-2.250.022;-48.710.229
Macaubal;7742;248.09;38413.33;7408.23;30598.2;76084.12;8014.72;160518.59;20738.84;0.74;0.72;0.84;0.68;0.77;-208.071.616;-499.648.439
Macedônia;3591;327.57;29695.07;7154.43;18376.94;18770.51;2029.02;76025.98;21118.33;0.74;0.7;0.85;0.68;0.72;-201.454.034;-50.193.911
Magda;3110;312.28;42217.48;7243.29;21223.92;32387.0;3495.37;106567.06;34134.23;0.75;0.72;0.82;0.72;0.69;-206.444.651;-502.260.983
Mairinque;45732;210.15;18676.23;596827.67;208170.92;653151.1;229347.67;1706173.6;37548.66;0.74;0.72;0.83;0.68;0.78;-235.401.247;-471.846.323
Mairiporã;95122;320.7;1612.12;271347.81;316080.12;928300.65;199394.41;1716735.11;18376.92;0.79;0.77;0.88;0.72;0.78;-233.186.111;-465.866.667
Manduri;9426;229.05;42918.92;28730.85;36051.27;86456.68;15375.56;209533.28;22343.07;0.74;0.73;0.82;0.68;0.73;-230.059.018;-49.317.191
Marabá Paulista;4905;919.52;58934.97;7678.31;28251.56;23409.48;2358.19;120632.49;24654.1;0.68;0.65;0.81;0.59;0.63;-221.069.936;-519.629.504
Maracaí;13489;533.5;79848.2;60146.04;58393.62;185768.65;31090.37;415246.88;30820.67;0.77;0.71;0.85;0.76;0.7;-226.120.503;-506.674.118
Marapoama;2856;111.27;30412.23;72724.05;17056.53;40510.45;12350.4;173053.66;61149.7;0.75;0.74;0.85;0.68;0.78;-212.574.769;-491.314.719
Marinópolis;2098;77.83;7776.38;1814.08;12670.32;11338.06;989.88;34588.73;16470.82;0.73;0.68;0.82;0.69;0.68;-204.408.333;-508.227.778
Mariápolis;3964;186.54;20533.85;3261.75;18078.18;17773.68;1104.44;60751.9;15345.26;0.72;0.68;0.83;0.65;0.64;-217.966.708;-511.831.475
Martinópolis;25384;1253.56;54787.89;49155.29;104816.62;228019.08;26073.29;462852.16;18336.59;0.72;0.7;0.83;0.64;0.74;-22.146.153;-51.170.949
Marília;228763;1170.52;71296.66;1212874.88;914486.39;4703323.65;817625.77;7719607.35;33950.25;0.8;0.77;0.85;0.78;0.87;-22.217.108;-4.995.006
Matão;79453;524.9;76076.12;1376055.05;303190.96;1570132.76;496388.06;3821842.95;48273.27;0.77;0.77;0.85;0.71;0.87;-21.602.603;-483.645.207
Mauá;451947;61.91;17.31;6017985.24;1407372.49;6658128.12;2202905.41;16286408.57;36360.81;0.77;0.72;0.85;0.73;0.76;-236.669.527;-464.616.922
Mendonça;4971;195.15;27465.8;91187.79;27884.83;72827.06;20352.19;239717.67;48584.85;0.74;0.72;0.86;0.66;0.87;-211.838.813;-49.579.059
Meridiano;3762;228.2;28191.59;133512.33;22136.17;82255.6;23671.24;289766.93;76759.45;0.73;0.72;0.82;0.67;0.84;-203.547.223;-50.172.574
Mesópolis;1890;148.64;28739.7;2633.52;12890.9;12044.89;969.94;57278.95;30306.32;0.72;0.67;0.85;0.67;0.61;-199.673.202;-506.212.003
Miguelópolis;21242;820.8;451233.71;316620.96;101942.5;232559.26;18722.13;1121078.58;53003.57;0.74;0.71;0.86;0.66;0.68;-20.179.612;-48.030.997
Mineiros do Tietê;12487;213.24;26900.17;25177.08;45628.34;72626.09;12697.79;183029.48;14722.45;0.73;0.72;0.82;0.66;0.77;-224.133.188;-48.450.554
Mira Estrela;2916;216.82;20720.9;4918.09;18491.92;20719.79;1806.61;66657.31;22945.72;0.74;0.7;0.81;0.73;0.75;-199.806.298;-50.136.873
Miracatu;19971;1001.48;80013.91;24865.13;81718.46;206159.35;33893.74;426650.61;21343.2;0.7;0.64;0.8;0.65;0.67;-242.839.078;-474.535.128
Mirandópolis;28438;917.69;91547.78;96497.92;103589.64;276460.73;47949.14;616045.21;21741.49;0.75;0.73;0.87;0.66;0.72;-211.328.313;-511.029.422
Mirante do Paranapanema;17634;1238.93;80546.12;110291.74;71264.25;124945.05;25231.27;412278.43;23470.25;0.72;0.67;0.84;0.67;0.82;-22.290.427;-5.190.835
Mirassol;57062;243.23;42503.35;524128.33;227468.42;961057.98;201478.62;1956636.71;34517.72;0.76;0.75;0.85;0.7;0.82;-208.141.411;-49.507.449
Mirassolândia;4621;166.12;48146.7;7463.43;20401.71;29307.02;4806.14;110125.0;24044.76;0.74;0.7;0.83;0.69;0.76;-206.147.204;-49.462.817
Mococa;66655;855.16;154305.93;511077.13;257500.51;1077027.36;228480.91;2228391.85;33456.32;0.76;0.76;0.83;0.71;0.86;-21.464.731;-47.002.405
Mogi Guaçu;146200;812.75;197938.15;1560981.74;601171.88;2425743.4;771585.18;5557420.34;38287.69;0.77;0.74;0.85;0.74;0.84;-22.372.222;-469.425
Mogi das Cruzes;423912;497.71;341252.73;3203829.82;1460490.4;7617187.43;1847862.61;14470622.98;34496.08;0.78;0.76;0.85;0.74;0.84;-235.234.284;-461.926.671
Mogi Mirim;89738;712.54;183590.51;1042717.51;416098.05;2122122.79;692366.31;4456895.18;49858.99;0.78;0.77;0.88;0.72;0.86;-22.433.009;-469.581.629
Mombuca;3320;133.7;25927.37;15658.12;17720.98;29869.88;3724.27;92900.63;28041.24;0.72;0.75;0.82;0.61;0.73;-229.293.093;-475.650.724
Mongaguá;52970;143.21;7783.55;129755.97;230224.83;568922.9;49347.54;986034.79;18900.78;0.75;0.72;0.85;0.7;0.75;-240.959.454;-466.234.361
Monte Alegre do Sul;7642;110.31;40089.52;21263.46;32711.02;62847.35;9659.33;166570.68;21948.96;0.76;0.75;0.86;0.68;0.75;-22.681.861;-466.798.783
Monte Alto;48107;346.95;164574.4;280244.76;177017.81;775243.64;225673.07;1622753.68;33836.27;0.77;0.75;0.86;0.71;0.83;-2.125.770.305;-485.163.601.712.882
Monte Aprazível;23181;495.56;84579.21;209809.59;91503.49;294082.91;44514.79;724489.99;31438.06;0.78;0.78;0.86;0.72;0.62;-207.625.702;-497.088.402
Monte Azul Paulista;18335;263.46;51760.0;24119.05;76523.77;355805.48;54184.94;562393.24;30551.57;0.75;0.73;0.84;0.69;0.79;-2.090.649;-48.638.717
Monte Castelo;4001;233.55;36642.23;7154.93;20663.46;33231.4;4101.5;101793.53;25403.93;0.74;0.71;0.81;0.71;0.74;-2.123.985.875;-515.630.673.431.818
Monte Mor;57423;240.57;35564.06;1403421.91;237641.14;774654.17;466715.29;2917996.57;51775.17;0.73;0.71;0.86;0.64;0.75;-22.945.043;-47.312.182
Monteiro Lobato;4398;332.74;3179.34;6658.68;19732.2;27748.24;3252.5;60570.96;13879.69;0.71;0.69;0.83;0.63;0.79;-229.546.503;-458.383.284
Monções;2169;104.35;7588.3;16959.57;16548.3;26744.31;5621.48;73461.96;33915.96;0.77;0.73;0.81;0.77;0.82;-20.850.949;-50.097.537
Morro Agudo;31696;1388.13;283030.96;358032.79;137245.57;462288.49;88362.16;1328959.97;42346.49;0.71;0.72;0.84;0.6;0.8;-207.276.692;-48.052.795
Morungaba;12958;146.75;18820.41;133468.19;51939.59;146665.16;74007.76;424901.11;33156.54;0.72;0.73;0.8;0.63;0.75;-22.88;-4.679.167
Motuca;4569;228.7;33618.74;8126.28;20430.71;22341.65;2614.49;87131.86;19208.96;0.74;0.68;0.86;0.69;0.75;-215.095.864;-481.503.832
Murutinga do Sul;4264;250.87;11239.07;2088.36;22809.28;21530.97;1940.34;59608.02;14005.64;0.73;0.7;0.85;0.64;0.67;-209.913.722;-512.782.237
Nantes;3000;286.65;32305.79;3865.4;19072.2;81541.83;13650.18;150435.39;50737.06;0.71;0.66;0.79;0.7;0.77;-226.191.472;-512.382.255
Narandiba;4727;357.33;48381.24;59557.49;27023.59;57363.65;12578.87;204904.84;43867.45;0.72;0.66;0.84;0.67;0.79;-224.080.573;-515.251.755
Natividade da Serra;6690;833.37;9456.62;3970.78;30456.33;23604.68;1994.27;69482.67;10390.71;0.66;0.66;0.81;0.52;0.66;-233.783.786;-454.438.173
Nazaré Paulista;18041;326.25;15135.82;57549.93;72740.62;146027.2;43215.53;334669.1;18757.38;0.68;0.68;0.82;0.56;0.79;-231.819.309;-463.992.986
Neves Paulista;8659;219.05;36939.69;47989.79;33675.32;84578.41;16511.89;219695.1;25319.25;0.75;0.74;0.82;0.71;0.74;-20.842.992;-49.635.767
Nhandeara;10787;436.16;63708.11;41497.79;44977.24;151360.5;16468.72;318012.36;29472.88;0.75;0.73;0.84;0.67;0.69;-206.942.747;-500.406.162
Nipoã;4843;137.61;20922.78;10836.68;21247.49;30020.08;4323.7;87350.72;18270.39;0.71;0.7;0.81;0.64;0.6;-209.126.469;-497.791.476
Nova Aliança;6342;217.52;46189.56;42831.21;29741.25;61606.24;10166.43;190534.7;30296.5;0.74;0.71;0.83;0.68;0.77;-210.163.728;-494.981.128
Nova Campina;9425;385.38;15096.25;114728.93;37599.68;48471.72;19667.96;235564.55;25321.35;0.65;0.6;0.8;0.58;0.78;-241.225.305;-489.054.041
Nova Canaã Paulista;1970;124.47;12216.16;2261.3;12171.22;9149.53;822.74;36620.95;18430.27;0.72;0.67;0.81;0.62;0.7;-203.872.473;-509.481.571
Nova Castilho;1167;183.4;17954.97;1316.23;11592.57;8169.92;691.88;39725.57;34128.5;0.76;0.69;0.82;0.76;0.75;-207.638.386;-503.427.479
Nova Europa;10463;160.25;22856.98;115037.61;46523.93;97562.12;21816.81;303797.46;29429.18;0.76;0.72;0.87;0.72;0.81;-217.808.203;-485.661.712
Nova Granada;20578;531.8;123631.9;30203.34;74750.21;206677.4;23918.84;459181.69;22496.78;0.74;0.73;0.82;0.68;0.75;-205.345.426;-493.186.951
Nova Guataporanga;2189;34.16;3918.1;1806.16;12148.11;9184.73;883.74;27940.84;12770.04;0.73;0.71;0.84;0.64;0.77;-213.330.061;-516.465.874
Nova Independência;3607;265.03;20716.55;48084.94;22461.65;32371.68;10595.71;134230.52;37843.39;0.74;0.68;0.83;0.71;0.82;-211.066.536;-514.910.804
Nova Luzitânia;3936;73.82;6419.49;2924.41;18417.15;17419.65;1321.67;46502.37;11978.97;0.74;0.7;0.81;0.72;0.66;-208.558.333;-502.619.444
Nova Odessa;56767;73.79;14111.99;836879.8;235227.73;1582576.35;506274.85;3175070.71;56554.29;0.79;0.76;0.86;0.76;0.84;-22.783.186;-47.294.059
Novais;5339;117.77;14978.62;1786.44;22823.36;18812.53;1679.92;60080.86;11430.91;0.72;0.71;0.82;0.63;0.69;-209.941.576;-489.188.283
Novo Horizonte;38504;931.74;160969.91;222302.53;158034.79;605479.12;121949.73;1268736.07;33142.71;0.75;0.74;0.86;0.66;0.84;-214.674.564;-492.235.377
Nuporanga;7183;348.26;84261.94;212006.21;35232.5;154480.38;41550.62;527531.65;73873.64;0.75;0.73;0.87;0.66;0.76;-20.730.877;-477.522.561
Ocauçu;4148;301.04;63196.01;9627.63;19682.51;28783.1;3316.52;124605.77;30032.72;0.72;0.68;0.83;0.65;0.75;-224.396.255;-499.226.712
Olímpia;52055;802.56;141583.14;542368.34;216368.71;992258.39;179764.75;2072343.33;39986.56;0.77;0.74;0.87;0.74;0.85;-20.736.634;-48.910.625
Onda Verde;4159;242.95;32983.79;19450.98;22417.49;41773.72;6045.0;122670.98;29731.21;0.74;0.69;0.86;0.67;0.85;-206.071.428;-492.950.997
Oriente;6231;218.67;12990.49;9461.16;23363.02;45264.57;7974.64;99053.88;15937.87;0.77;0.72;0.84;0.76;0.69;-221.525.442;-500.935.645
Orindiúva;6640;247.38;51233.41;192686.5;34748.14;119879.58;39513.67;438061.3;67094.7;0.77;0.72;0.82;0.76;0.81;-201.819.444;-493.508.333
Orlândia;41801;291.76;60631.7;568394.5;179171.08;760264.57;212884.98;1781346.84;42851.74;0.78;0.76;0.88;0.7;0.78;-20.720.278;-47.886.667
Osasco;677750;64.95;1008.53;3350007.31;2701829.41;55760880.89;16096769.81;77910495.95;115226.82;0.78;0.78;0.84;0.72;0.83;-235.324.859;-467.916.801
Oscar Bressane;2518;222.13;33077.6;10207.45;14220.0;23482.02;2970.17;83957.24;33316.37;0.75;0.71;0.82;0.72;0.73;-22.314.874;-50.281.118
Osvaldo Cruz;31210;248.04;33974.52;206556.06;108885.52;459294.08;69738.79;878448.97;28168.96;0.76;0.74;0.84;0.71;0.79;-21.796.753;-50.879.288
Ourinhos;109043;295.82;55289.03;515468.69;428167.1;1743261.87;257461.11;2999647.8;27690.68;0.78;0.75;0.86;0.73;0.83;-229.777.918;-49.868.204
Ouro Verde;8174;266.78;29974.31;6916.46;32338.53;41339.7;3728.82;114297.81;14060.5;0.69;0.67;0.81;0.61;0.66;-214.886.333;-517.017.609
Ouroeste;9515;288.65;41575.23;155340.21;65458.91;146796.81;30327.57;439498.73;46829.91;0.77;0.72;0.87;0.74;0.81;-200.013.584;-503.736.414
Pacaembu;13090;339.38;29318.72;6836.88;51891.96;103488.0;8980.67;200516.23;15300.74;0.72;0.72;0.84;0.63;0.64;-21.562.661;-51.265.366
Palestina;11962;697.7;140022.22;81473.09;47533.78;111748.32;17942.55;398719.97;33610.38;0.73;0.72;0.85;0.64;0.82;-2.036.122.905;-494.737.956.090.808
Palmares Paulista;12594;82.12;13864.89;7369.44;42919.81;49978.07;4228.25;118360.46;9546.74;0.72;0.7;0.84;0.64;0.65;-21.085.369;-48.803.656
Palmeira d'Oeste;9203;318.74;37931.66;12741.23;34772.72;78380.29;5488.78;169314.68;18326.08;0.75;0.72;0.83;0.71;0.69;-204.158.333;-507.619.444
Palmital;21523;548.41;103403.91;90090.64;88323.68;328120.08;80916.43;690854.74;32156.71;0.75;0.73;0.81;0.7;0.82;-22.786.384;-502.198.965
Panorama;15078;356.05;38660.44;22732.49;60018.08;135158.16;13606.08;270175.25;17991.29;0.72;0.7;0.85;0.64;0.73;-2.145.998.845;-518.462.795.840.909
Paraguaçu Paulista;43812;1001.49;166003.62;168144.98;169069.67;620509.5;111405.59;1235133.36;28309.92;0.76;0.72;0.84;0.74;0.89;-224.203.497;-505.792.099
Paraibuna;18060;809.58;9687.58;53813.77;73757.94;117824.64;18577.55;273661.48;15223.71;0.72;0.71;0.82;0.64;0.71;-233.864.203;-456.626.797
Paranapanema;19517;1018.72;131302.81;30108.58;88818.02;294498.64;48922.17;593650.23;30760.67;0.72;0.7;0.84;0.63;0.77;-23.390.161;-48.720.868
Paranapuã;3879;140.35;41809.62;5503.33;18448.73;29763.88;3111.36;98636.91;25467.83;0.73;0.71;0.84;0.66;0.71;-201.033.995;-505.858.761
Parapuã;10569;366.66;108422.95;48821.89;42066.41;137474.72;21448.21;358234.18;33795.68;0.74;0.69;0.83;0.7;0.72;-21.781.309;-507.922.396
Paraíso;6202;155.19;35925.66;75965.4;29697.4;73147.2;16846.22;231581.88;37539.61;0.75;0.75;0.84;0.67;0.84;-2.101.624.145;-487.644.828.798.064
Pardinho;6226;209.89;25416.9;63595.67;30601.32;139336.25;24140.08;283090.23;46075.88;0.73;0.72;0.82;0.65;0.81;-230.806.795;-483.768.158
Pariquera-Açu;19094;359.41;79916.69;44264.63;68951.82;294623.78;39179.03;526935.96;27711.59;0.74;0.68;0.86;0.68;0.71;-247.146.891;-478.802.361
Parisi;2052;84.74;18503.47;2216.94;13961.82;12836.56;1294.45;48813.24;23811.33;0.72;0.72;0.84;0.62;0.78;-203.039.424;-500.135.808
Patrocínio Paulista;14174;602.85;180337.86;331401.43;58320.27;251243.42;79684.01;900986.99;64214.03;0.73;0.7;0.83;0.68;0.77;-206.383.609;-472.801.241
Paulistânia;1772;256.18;9577.34;1641.97;13646.04;9090.21;2531.4;36486.95;20567.62;0.72;0.68;0.82;0.66;0.73;-225.769.873;-494.028.157
Paulo de Faria;8528;737.99;134558.86;14240.97;38985.0;67894.23;5560.98;261240.03;30622.44;0.72;0.72;0.8;0.66;0.67;-20.029.593;-493.998.592
Paulínia;100915;138.78;26024.7;17671369.71;976756.4;11451592.82;5220746.25;35346489.87;357342.06;0.8;0.8;0.86;0.73;0.8;-227.630.391;-471.532.213
Pederneiras;44775;728.74;129781.41;435441.86;171356.06;725179.84;261821.81;1723580.98;38834.26;0.74;0.74;0.81;0.67;0.85;-22.351.086;-48.778.113
Pedra Bela;5930;158.59;14883.65;5406.01;23867.29;32291.25;3692.08;80140.29;13555.53;0.68;0.67;0.8;0.58;0.74;-227.950.193;-464.431.811
Pedranópolis;2445;260.1;28880.16;3131.43;16855.29;13711.71;1325.01;63903.6;26029.98;0.74;0.7;0.85;0.68;0.69;-20.249.177;-501.102.463
Pedregulho;16167;712.6;90715.6;601822.8;66285.88;190470.04;24008.65;973302.96;60408.58;0.72;0.72;0.82;0.62;0.68;-2.025.071;-474.808.786
Pedreira;45618;108.82;7999.46;244165.81;178758.86;542218.51;155391.65;1128534.29;24989.13;0.77;0.75;0.86;0.7;0.85;-22.741.347;-46.894.846
Pedrinhas Paulista;2997;152.31;16891.99;12146.92;17384.62;90761.93;13623.4;150808.86;50437.75;0.77;0.75;0.84;0.74;0.77;-22.815.725;-50.792.359
Pedro de Toledo;10814;670.44;35696.29;9688.77;43470.53;55188.29;7238.95;151282.82;14093.8;0.7;0.65;0.81;0.63;0.67;-242.769.071;-4.723.393
Penápolis;60362;711.32;72150.7;262570.95;245560.57;881242.92;118594.74;1580119.88;26266.6;0.76;0.75;0.86;0.68;0.79;-214.192.406;-500.765.588
Pereira Barreto;25314;974.25;100872.81;36325.37;103907.79;492493.09;83971.33;817570.39;32345.72;0.77;0.73;0.84;0.73;0.8;-206.378.509;-511.052.172
Pereiras;8240;223.14;16209.75;68601.38;33134.82;63991.64;16082.91;198020.51;24305.94;0.74;0.72;0.87;0.64;0.79;-230.743.096;-479.746.014
Peruíbe;64892;326.22;38508.67;175173.81;273509.32;795193.28;64486.52;1346871.59;20963.63;0.75;0.73;0.85;0.68;0.76;-243.218.105;-469.977.452
Piacatu;5772;232.49;26278.27;7007.62;24613.33;35246.24;2691.44;95836.89;16772.29;0.73;0.68;0.84;0.68;0.81;-215.902.542;-505.973.314
Piedade;53230;746.87;308782.66;149557.46;173200.45;512038.54;74194.13;1217773.23;22943.09;0.72;0.69;0.85;0.62;0.69;-237.074.096;-474.252.319
Pilar do Sul;27867;681.25;92184.47;41711.68;102772.88;349097.17;54917.49;640683.69;23136.06;0.69;0.67;0.82;0.59;0.77;-238.121.684;-477.201.865
Pindamonhangaba;160506;730.0;27629.26;2430966.46;606473.58;2754429.17;1183991.53;7003490.0;44054.31;0.77;0.74;0.84;0.74;0.78;-229.340.165;-45.462.938
Pindorama;16049;184.82;38940.4;18081.97;61783.18;149873.99;26684.25;295363.79;18522.75;0.74;0.73;0.84;0.65;0.75;-211.853;-4.890.861
Pinhalzinho;14433;154.53;36604.95;20211.75;53299.32;124182.21;15967.85;250266.08;17531.77;0.72;0.71;0.81;0.67;0.75;-227.824.349;-465.901.718
Piquerobi;3534;482.77;11175.81;4733.11;18518.05;17493.59;2289.53;54210.09;15339.58;0.71;0.67;0.84;0.64;0.7;-218.856.652;-517.296.404
Piquete;13718;176.0;2658.7;23328.92;44769.54;74088.13;8380.88;153226.17;11140.48;0.76;0.71;0.82;0.74;0.69;-226.138.451;-451.777.096
Piracaia;26048;385.57;21070.21;82238.16;101968.59;235857.1;34890.89;476024.95;18358.79;0.74;0.76;0.85;0.62;0.75;-23.052.545;-46.359.374
Piracicaba;385155;1378.07;186410.09;4618524.26;1621038.84;10413018.18;5057880.13;21896871.5;57199.32;0.78;0.8;0.85;0.72;0.85;-2.272.528;-4.764.917
Piraju;28571;504.59;54582.03;87302.56;111983.44;404070.62;42296.15;700234.79;24510.3;0.76;0.74;0.84;0.7;0.73;-231.897.822;-493.840.493
Pirajuí;23199;823.76;81969.72;36912.0;88704.88;221979.2;20798.22;450364.02;19438.22;0.75;0.73;0.85;0.67;0.64;-219.957.877;-494.549.675
Pirangi;10792;215.81;45428.24;56167.2;42462.75;130989.48;21175.68;296223.35;27491.73;0.76;0.74;0.84;0.7;0.7;-210.984.037;-486.740.537
Pirapora do Bom Jesus;18188;108.49;168.09;95802.14;76203.52;189555.65;34429.66;396159.06;22175.15;0.73;0.68;0.81;0.7;0.77;-233.972.146;-470.025.661
Pirapozinho;26709;477.68;30145.06;385677.26;100823.13;346098.87;99308.65;962052.98;36357.39;0.78;0.74;0.86;0.73;0.78;-222.738.742;-514.998.867
Pirassununga;73027;727.12;111411.7;468828.55;295685.46;1348194.23;381580.46;2605700.4;35846.26;0.8;0.79;0.88;0.74;0.84;-219.980.468;-474.280.861
Piratininga;12987;402.41;26853.33;21897.73;50297.14;106432.74;12109.99;217590.94;16900.27;0.78;0.76;0.86;0.72;0.7;-224.136.363;-491.351.479
Pitangueiras;37934;430.64;108356.61;211665.42;148850.38;588430.15;126197.14;1183499.71;31465.18;0.72;0.7;0.83;0.65;0.75;-2.100.192.145;-482.212.437.579.184
Planalto;5031;289.82;39742.23;81873.01;27618.12;56225.24;14921.29;220379.89;44395.63;0.72;0.68;0.85;0.64;0.8;-210.342.886;-499.286.556
Platina;3439;327.48;41572.74;9685.5;17528.64;18419.72;3599.16;90805.76;26644.88;0.72;0.69;0.82;0.65;0.72;-226.328.334;-502.049.642
Poloni;5615;135.12;28220.34;34925.29;23308.47;46118.06;11377.0;143949.16;25755.8;0.77;0.74;0.85;0.72;0.69;-207.836.955;-498.149.752
Pongaí;3368;183.4;23022.41;4542.19;18132.21;28411.13;2161.68;76269.63;22591.72;0.76;0.73;0.84;0.7;0.66;-217.379.814;-493.584.449
Pontal;47661;356.37;75336.2;434781.83;162993.03;433626.08;106999.11;1213736.24;25896.35;0.72;0.72;0.84;0.63;0.78;-210.239.714;-480.393.457
Pontalinda;4409;209.52;36646.05;3937.93;20606.96;21081.84;2345.09;84617.87;19363.36;0.7;0.68;0.85;0.6;0.68;-2.044.071;-505.235.329
Pontes Gestal;2524;217.5;39627.72;47236.58;19103.44;37395.63;9024.03;152387.4;60375.36;0.73;0.7;0.8;0.69;0.8;-201.833.464;-497.031.406
Populina;4037;315.94;39231.47;4799.53;22314.4;29678.13;2350.2;98373.73;24241.92;0.71;0.7;0.8;0.65;0.72;-199.427.771;-505.372.875
Porangaba;9122;265.69;50226.01;23100.78;34980.02;64478.91;10351.23;183136.94;20278.7;0.7;0.7;0.86;0.58;0.72;-2.317.615;-48.119.464
Porto Feliz;51149;556.71;165269.2;444305.01;230330.3;796600.1;289978.32;1926482.93;37865.5;0.76;0.74;0.84;0.71;0.83;-232.137.274;-475.190.176
Porto Ferreira;53607;244.91;21186.36;653884.13;222655.62;755759.74;321532.64;1975018.49;37012.4;0.75;0.74;0.83;0.7;0.8;-218.529.333;-474.797.464
Potim;20434;44.47;1182.78;40028.22;79277.44;90683.33;15121.25;226293.01;11145.79;0.7;0.65;0.81;0.65;0.67;-228.377.227;-452.565.239
Potirendaba;16398;342.49;75684.95;138501.83;68708.57;201075.08;47633.02;531603.46;32621.71;0.75;0.74;0.86;0.66;0.85;-210.457.369;-493.767.154
Poá;113719;17.26;2155.84;692289.18;503104.83;1280271.86;1738800.46;4216622.16;37374.78;0.77;0.71;0.86;0.75;0.79;-235.249.082;-463.445.663
Pracinha;2899;63.05;3010.42;1346.1;15924.25;7340.02;586.24;28207.04;9750.1;0.7;0.66;0.81;0.63;0.77;-218.537.103;-510.862.052
Pradópolis;20248;167.38;43530.54;310085.12;89728.35;276043.55;120820.07;840207.63;42168.51;0.73;0.74;0.82;0.65;0.81;-213.597.815;-480.746.603
Praia Grande;306207;149.25;3890.03;720228.66;1372877.82;4145526.7;446090.48;6688613.69;22219.54;0.75;0.74;0.83;0.69;0.79;-24.005.833;-46.402.778
Pratânia;5040;175.1;47216.06;7141.39;22409.54;29869.17;5708.11;112344.27;22545.51;0.7;0.68;0.8;0.63;0.86;-22.809.027;-486.656.779
Presidente Alves;4036;286.64;13147.27;5092.54;17986.02;24728.02;2342.85;63296.7;15652.0;0.74;0.71;0.81;0.69;0.74;-2.209.991;-49.438.133
Presidente Bernardes;13700;749.23;33541.15;14497.62;56518.84;133141.69;16222.62;253921.92;18549.34;0.76;0.72;0.84;0.72;0.7;-220.064.236;-515.543.885
Presidente Epitácio;42174;1260.28;68725.94;119691.65;155164.72;457554.59;51899.04;853035.94;20281.41;0.75;0.71;0.84;0.7;0.71;-21.765.074;-5.211.114
Presidente Prudente;218544;560.64;30949.92;1086836.25;802934.26;5123384.87;762707.45;7806812.76;35928.08;0.81;0.79;0.86;0.77;0.86;-221.225.167;-513.882.528
Presidente Venceslau;38000;755.2;31991.35;45466.83;139142.04;464743.91;40549.31;721893.44;18998.7;0.76;0.75;0.84;0.71;0.75;-21.877.116;-518.451.047
Promissão;38873;779.2;80153.63;854666.93;159845.52;574845.54;156639.29;1826150.9;47455.91;0.74;0.72;0.85;0.67;0.78;-215.404.913;-498.574.709
Quadra;3616;205.67;36029.37;4550.14;20916.05;23891.75;3512.75;88900.06;24895.0;0.68;0.7;0.82;0.54;0.71;-23.299.332;-48.054.657
Quatá;13710;651.34;78856.64;107147.83;55295.69;180119.11;36525.76;457945.02;33674.9;0.74;0.71;0.81;0.7;0.79;-222.470.977;-507.003.624
Queiroz;3183;234.91;115928.87;139229.41;19664.04;68838.21;25196.44;368856.97;117620.21;0.72;0.66;0.81;0.68;0.78;-217.991.405;-502.392.786
Queluz;12404;249.4;3189.64;49465.04;51784.61;189917.29;30758.8;325115.38;26464.42;0.72;0.66;0.82;0.69;0.67;-225.371.881;-447.752.585
Quintana;6403;318.94;27087.55;46080.66;25063.31;47793.59;11222.29;157247.4;24743.89;0.73;0.69;0.81;0.7;0.75;-220.705.513;-50.308.652
Rafard;8893;121.64;22493.29;132839.98;37114.01;96910.47;36685.3;326043.05;36832.7;0.74;0.72;0.82;0.7;0.78;-230.142.111;-475.275.786
Rancharia;28828;1587.5;313294.33;367254.3;113157.93;441655.39;88350.14;1323712.1;45933.52;0.75;0.72;0.86;0.68;0.8;-222.294.981;-508.922.333
Redenção da Serra;3841;309.44;9716.73;4245.24;19002.21;22123.42;1943.89;57031.5;14840.36;0.66;0.63;0.8;0.56;0.71;-232.812.573;-455.348.457
Regente Feijó;19298;263.28;60913.75;99424.07;80225.47;336947.59;78410.62;655921.49;34157.24;0.77;0.74;0.82;0.75;0.81;-22.218.131;-5.130.545
Reginópolis;7232;410.41;58874.16;5892.39;34753.47;43563.79;4060.03;147143.84;20320.93;0.73;0.72;0.82;0.66;0.6;-218.884.118;-4.922.273
Registro;54133;722.2;128798.56;145063.38;208542.79;1251409.33;217113.72;1950927.78;36067.51;0.75;0.72;0.85;0.7;0.8;-24.497.942;-47.844.895
Restinga;7309;245.75;37959.54;41843.14;33543.44;42056.89;11140.18;166543.19;23073.32;0.7;0.66;0.83;0.64;0.72;-20.605.593;-47.483.254
Ribeira;3257;335.75;10320.58;2851.39;15766.86;14680.12;3684.79;47303.74;14492.57;0.7;0.64;0.8;0.67;0.72;-246.577.435;-490.086.372
Ribeirão Bonito;12791;471.55;69073.6;23415.03;50020.42;120146.89;10492.11;273148.04;21495.87;0.71;0.71;0.81;0.62;0.73;-203.581.061;-496.591.902
Ribeirão Branco;17710;697.5;205710.76;17987.03;62869.36;86582.47;7168.57;380318.18;21459.02;0.64;0.59;0.8;0.55;0.69;-242.202.558;-487.581.506
Ribeirão Corrente;4587;148.33;25412.71;7112.13;22347.43;29696.17;2282.49;86850.93;19096.51;0.71;0.69;0.81;0.64;0.75;-20.457.872;-47.590.394
Ribeirão Grande;7493;333.36;15971.45;169641.26;33204.2;59054.05;18353.07;296224.03;39586.27;0.7;0.64;0.81;0.68;0.73;-231.309.465;-484.357.073
Ribeirão Pires;117917;99.08;1259.88;659195.72;438454.28;1597446.41;350108.71;3046465.0;25950.55;0.78;0.75;0.85;0.76;0.84;-237.110.754;-46.414.406
Ribeirão Preto;669180;650.92;119098.04;5305064.63;2781989.58;23253567.1;3856123.83;35315843.18;53347.44;0.8;0.82;0.84;0.74;0.87;-21.178.333;-478.066.671
Ribeirão do Sul;4371;203.21;35129.45;10949.08;19371.86;64507.05;11986.34;141943.77;32422.06;0.75;0.75;0.82;0.68;0.78;-227.535;-499.169.002.941.176
Ribeirão dos Índios;2148;196.45;12120.28;1976.46;13635.88;9205.77;784.21;37722.61;17520.95;0.72;0.66;0.81;0.7;0.67;-218.378.246;-51.602.158
Rifaina;3460;162.51;27746.39;14165.58;21611.38;42517.62;5725.19;111766.15;32321.04;0.74;0.71;0.82;0.69;0.73;-20.080.256;-47.429.109
Rincão;10476;316.64;60499.57;28563.98;42880.18;73207.69;8614.26;213765.68;20424.77;0.73;0.7;0.83;0.68;0.71;-215.881.095;-480.724.258
Rinópolis;9757;358.48;87746.0;9358.68;37732.89;93571.1;13623.62;242032.29;24757.8;0.72;0.7;0.84;0.64;0.77;-217.283.596;-507.227.246
Rio Claro;198330;498.42;70869.55;3198746.28;853758.79;3972683.05;1322332.98;9418390.65;47832.4;0.8;0.78;0.86;0.77;0.84;-224.100.108;-475.603.933
Rio Grande da Serra;48648;36.34;610.86;168059.04;153046.27;245362.79;43858.94;610937.89;12707.75;0.75;0.68;0.82;0.74;0.73;-23.743.724;-46.397.084
Rio das Pedras;33493;226.66;38751.84;261870.6;141122.7;528575.91;223832.13;1194153.18;36141.56;0.76;0.74;0.84;0.7;0.78;-238.686.949;-464.629.265
Riolândia;11256;631.9;89047.89;15127.0;50410.48;65839.1;5929.34;226353.81;20264.44;0.7;0.68;0.82;0.63;0.71;-19.980.944;-496.814.309
Riversul;5779;385.88;14352.1;4230.73;24528.12;19937.49;1845.37;64893.81;11155.89;0.66;0.63;0.8;0.58;0.67;-238.303.603;-494.340.558
Rosana;18588;744.01;43658.88;911244.5;102730.45;182153.47;15312.58;1255099.88;67157.14;0.76;0.75;0.82;0.73;0.71;-225.788.641;-530.552.246
Roseira;10439;130.65;3330.19;86680.76;44217.82;117076.75;32201.55;283507.06;27421.13;0.74;0.69;0.82;0.7;0.78;-229.012.387;-453.100.121
Rubiácea;3034;236.48;28042.71;3237.7;15565.38;13872.93;1297.59;62016.3;20678.99;0.72;0.68;0.82;0.67;0.74;-21.300.568;-50.729.564
Sabino;5422;305.29;38612.96;4834.46;27256.62;43388.36;4018.27;118110.66;21876.4;0.73;0.71;0.81;0.67;0.74;-214.598.472;-495.776.811
Sagres;2363;147.94;15610.71;2107.15;12828.32;11895.93;856.94;43299.06;18308.27;0.73;0.69;0.83;0.68;0.69;-218.840.628;-509.574.608
Sales;5942;308.56;42494.13;5855.26;28375.71;60929.77;4689.25;142344.13;24171.19;0.75;0.71;0.86;0.7;0.68;-213.418.263;-494.999.228
Sales Oliveira;11342;305.78;82711.0;65689.8;44703.71;143403.27;22798.89;359306.68;31924.18;0.77;0.74;0.84;0.74;0.74;-20.769.612;-47.836.873
Salesópolis;16590;425.0;18431.82;10414.64;62428.72;99432.2;9914.33;200621.71;12182.52;0.73;0.69;0.83;0.69;0.69;-23.528.805;-4.584.653
Salmourão;5053;172.93;19755.1;4875.9;21569.7;23054.98;1687.67;70943.35;14126.51;0.72;0.68;0.85;0.65;0.62;-216.238.069;-508.607.882
Saltinho;7721;99.74;14662.19;44656.73;34502.73;107486.71;33096.62;234404.97;30633.16;0.79;0.77;0.86;0.75;0.83;-218.815.169;-479.177.149
Salto;113416;133.06;11522.37;1612488.05;432949.89;3589788.32;1222254.67;6869003.31;61085.5;0.78;0.76;0.84;0.75;0.83;-231.989.983;-472.913.682
Salto Grande;9029;188.44;22704.6;57893.26;36296.72;80043.35;12843.82;209781.74;23319.45;0.7;0.66;0.82;0.64;0.68;-228.744.071;-499.582.163.079.887
Salto de Pirapora;43433;280.51;16309.88;764871.79;165449.08;479480.1;206951.37;1633062.22;37940.25;0.73;0.7;0.83;0.66;0.75;-236.492.626;-475.729.991
Sandovalina;4108;455.86;88841.74;230094.45;30176.41;41268.48;6409.83;396790.91;97755.83;0.71;0.66;0.81;0.66;0.82;-22.455.099;-51.764.822
Santa Adélia;14787;330.27;83728.24;10889.65;58216.37;152134.25;18292.06;323260.57;21938.28;0.76;0.75;0.84;0.7;0.74;-212.432.992;-488.061.481
Santa Albertina;5685;272.69;25439.27;63704.08;28596.36;63230.83;13044.62;194015.16;34091.58;0.73;0.72;0.81;0.66;0.79;-200.323.485;-507.278.392
Santa Branca;14099;272.24;4751.52;72223.77;60466.48;95792.56;13333.88;246568.21;17538.1;0.74;0.71;0.83;0.68;0.76;-233.974.353;-458.842.294
Santa Bárbara d'Oeste;187109;271.03;24818.34;1340919.39;733330.84;2621172.07;774649.59;5494890.22;29495.48;0.78;0.75;0.87;0.73;0.82;-227.552.511;-474.144.958
Santa Clara d'Oeste;2024;183.46;23423.32;6919.04;14902.4;19671.73;2241.98;67158.48;33001.71;0.73;0.71;0.8;0.69;0.83;-200.938.889;-509.263.889
Santa Cruz da Conceição;4280;150.13;21236.17;11168.23;24882.21;47833.27;12758.88;117878.76;27755.77;0.79;0.83;0.88;0.68;0.84;-221.356.943;-474.511.588
Santa Cruz da Esperança;2054;148.06;22551.8;3945.49;14368.57;13663.76;1074.15;55603.78;27243.4;0.74;0.72;0.83;0.69;0.71;-212.918.648;-474.309.885
Santa Cruz das Palmeiras;32987;295.34;56523.97;20831.83;113207.13;276766.26;34580.77;501909.96;15385.63;0.73;0.75;0.82;0.64;0.76;-21.823.475;-47.248.023
Santa Cruz do Rio Pardo;45671;1114.75;124684.68;597427.43;182709.25;910487.26;227100.0;2042408.62;44935.51;0.76;0.74;0.87;0.69;0.82;-229.060.715;-496.277.378
Santa Ernestina;5532;134.42;21041.83;5541.21;23605.49;38739.69;3139.36;92067.58;16636.71;0.74;0.72;0.8;0.7;0.72;-214.634.463;-483.912.139
Santa Fé do Sul;30503;206.54;35066.34;183594.21;152583.47;561121.71;81363.69;1013729.4;33398.0;0.78;0.76;0.84;0.75;0.85;-202.106.188;-509.270.837
Santa Gertrudes;25266;98.29;15264.8;883063.5;121367.81;350630.3;201594.76;1571921.17;63337.95;0.74;0.72;0.85;0.65;0.84;-224.590.897;-47.532.034
Santa Isabel;54191;363.33;49599.15;274536.66;208554.52;659455.46;161486.42;1353632.21;25184.79;0.74;0.7;0.83;0.69;0.8;-2.329.474;-462.353.900.454.545
Santa Lúcia;8503;154.03;42792.41;7133.2;32094.13;41727.54;3614.06;127361.34;15029.66;0.74;0.7;0.82;0.7;0.78;-21.664;-480.472.626.753.445
Santa Maria da Serra;5992;252.62;37306.77;19796.77;23315.99;40626.52;5565.73;126611.77;21394.35;0.69;0.69;0.82;0.57;0.78;-225.691.072;-48.157.095
Santa Mercedes;2814;166.75;21089.99;3412.31;15452.35;16313.33;20907.1;77175.08;27415.66;0.74;0.68;0.85;0.7;0.7;-213.513.208;-517.536.843
Santa Rita d'Oeste;2432;209.8;18327.99;2660.92;15816.18;18150.48;1649.72;56605.29;23141.98;0.76;0.71;0.84;0.74;0.77;-201.448.079;-508.317.569
Santa Rita do Passa Quatro;26408;754.14;65443.01;68377.83;102621.86;343207.31;61528.98;641179.0;24269.62;0.78;0.76;0.89;0.69;0.71;-217.103.738;-474.777.943
Santa Rosa de Viterbo;25264;288.58;35860.89;253292.02;98462.21;281574.01;99601.6;768790.73;30633.99;0.77;0.75;0.87;0.7;0.67;-214.869.452;-473.654.908
Santa Salete;1443;79.19;11745.39;1684.78;10796.24;8567.0;859.6;33653.01;23305.41;0.77;0.71;0.86;0.75;0.79;-202.451.795;-506.889.625
Santana da Ponte Pensa;1532;129.89;11858.82;1818.32;11159.12;8932.29;785.86;34554.4;22394.3;0.77;0.75;0.84;0.73;0.73;-202.543.758;-507.975.649
Santana de Parnaíba;132317;179.95;77829.01;1485227.24;713607.44;4917537.12;1389422.26;8583623.07;66281.78;0.81;0.88;0.85;0.72;0.88;-234.446.715;-469.167.722
Santo Anastácio;20179;552.88;34814.23;57486.64;76167.7;224815.57;29041.54;422325.7;20902.04;0.75;0.72;0.85;0.69;0.64;-21.974.662;-51.652.662
Santo André;690551;175.78;843.52;5196161.76;2469773.28;16248943.03;3554958.82;27470680.4;39876.21;0.82;0.82;0.86;0.77;0.87;-236.573.395;-465.322.504
Santo Antônio da Alegria;6572;310.34;53047.98;9227.05;28102.16;47935.31;6995.82;145308.33;22215.0;0.7;0.69;0.83;0.6;0.75;-210.893.048;-471.523.426
Santo Antônio de Posse;22424;154.13;143513.93;146242.9;97332.58;513542.07;143273.63;1043905.11;46993.12;0.7;0.72;0.84;0.58;0.81;-226.054.087;-469.210.727
Santo Antônio do Aracanguá;8135;1308.43;78490.01;22784.37;47177.28;59372.83;7032.82;214857.3;26601.13;0.76;0.71;0.84;0.73;0.82;-209.354.866;-504.953.504
Santo Antônio do Jardim;5842;109.96;30115.6;12519.33;24654.9;59397.66;10472.22;137159.7;23446.1;0.71;0.7;0.84;0.62;0.82;-221.158.536;-466.839.541
Santo Antônio do Pinhal;6596;133.01;7143.84;6472.83;29449.26;55791.95;4819.36;103677.24;15756.42;0.71;0.68;0.81;0.63;0.71;-228.250.504;-456.674.063
Santo Expedito;2939;94.46;5173.36;2891.16;14658.24;14249.57;1127.97;38100.29;13034.65;0.73;0.66;0.83;0.71;0.67;-218.508.736;-513.925.315
Santos;426646;281.03;3712.81;1660997.34;2265702.87;15410578.0;3191680.79;22532671.8;52940.7;0.84;0.86;0.85;0.81;0.88;-23.960.833;-46.333.889
Santópolis do Aguapeí;4593;128.03;12625.96;3449.3;18453.57;24349.35;1938.6;60816.78;13351.65;0.74;0.68;0.83;0.72;0.78;-216.376.115;-504.996.725
Sarapuí;9890;352.59;27523.43;24520.98;39881.93;50926.59;7421.71;150274.64;15362.36;0.71;0.7;0.81;0.62;0.73;-2.363.974;-47.824.863
Sarutaiá;3639;141.61;22755.63;3476.53;17198.67;20612.54;736.79;64780.16;17816.32;0.69;0.68;0.79;0.6;0.65;-232.747.217;-49.477.186
Sebastianópolis do Sul;3250;167.85;42636.54;152447.6;20163.28;72716.42;23537.07;311500.91;96469.78;0.77;0.75;0.84;0.74;0.74;-206.581.669;-499.229.043
Serra Azul;12070;283.14;46923.6;13191.13;49529.46;51092.63;4368.9;165105.73;13797.9;0.69;0.7;0.81;0.57;0.7;-213.066.438;-475.670.235.428.571
Serra Negra;27255;203.74;43323.29;75844.59;112502.7;437158.35;52031.76;720860.68;26537.35;0.77;0.76;0.87;0.68;0.81;-2.261.222;-4.670.056
Serrana;43352;126.05;21468.53;126523.88;180680.61;520974.63;91466.9;941114.55;21978.39;0.73;0.71;0.84;0.65;0.75;-212.066.883;-476.053.774
Sertãozinho;120116;403.09;92025.74;1586297.72;528909.19;2493480.23;662282.89;5362995.78;45063.4;0.76;0.77;0.86;0.67;0.86;-211.375.782;-479.913.741
Sete Barras;12654;1062.7;239231.73;24002.63;51983.97;87573.66;9473.27;412265.26;32548.97;0.67;0.65;0.83;0.56;0.65;-243.878.438;-479.265.798
Severínia;16806;140.46;22895.43;11800.14;70646.59;115911.15;12663.0;233916.31;14049.87;0.72;0.71;0.81;0.64;0.75;-20.810.753;-4.880.538
Silveiras;6121;414.78;6693.51;3176.07;28785.47;25514.7;3190.33;67360.08;11078.96;0.68;0.66;0.81;0.58;0.68;-2.266.384;-44.852.157
Socorro;38407;449.03;62307.35;94144.34;140302.77;454034.48;72143.58;822932.52;21530.9;0.73;0.74;0.83;0.63;0.78;-236.845.605;-467.114.358.329.044
Sorocaba;644397;450.38;33773.57;7980161.19;2565990.08;15269981.38;6002952.21;31852858.43;49970.28;0.8;0.79;0.84;0.76;0.85;-23.501.667;-47.458.056
Sud Mennucci;7664;594.74;55031.57;14280.42;38102.92;62736.59;9131.22;179282.73;23469.4;0.75;0.74;0.81;0.69;0.78;-20.687.225;-50.923.783
Sumaré;275147;153.46;108211.32;3819902.09;906742.91;5392021.58;3517698.25;13744576.16;50680.22;0.76;0.74;0.84;0.7;0.79;-228.217.964;-47.267.105
Suzano;285257;206.24;234420.62;3962427.33;993290.21;4005975.34;1564968.5;10761082.01;38102.04;0.76;0.71;0.87;0.72;0.79;-235.427.842;-463.108.391
Suzanápolis;3842;330.59;33651.83;117787.06;23139.97;61207.02;24834.01;260619.89;68765.14;0.7;0.66;0.81;0.63;0.82;-205.011.185;-510.246.771
São Bento do Sapucaí;10510;252.58;28556.14;11286.55;40249.94;106446.62;9655.96;196195.22;18683.48;0.72;0.72;0.81;0.64;0.67;-226.884.605;-457.329.767
São Bernardo do Campo;803771;409.53;7202.98;9186786.28;3008065.43;24370060.27;8108274.41;44680389.37;55875.28;0.8;0.81;0.86;0.75;0.84;-237.080.345;-465.506.747
São Caetano do Sul;150988;15.33;19.1;2904911.64;1071207.59;6645659.14;2485161.24;13106958.71;86881.6;0.86;0.89;0.89;0.81;0.9;-236.195.923;-465.688.323
São Carlos;238834;1136.91;149459.98;3047304.08;983834.1;5086469.09;1208587.32;10475654.56;44208.91;0.8;0.79;0.86;0.77;0.87;-220.183.367;-47.890.932
São Francisco;2700;75.58;15870.83;2599.81;15416.67;13096.94;1001.1;47985.35;17693.71;0.72;0.7;0.81;0.66;0.72;-20.372;-506.621.558.441.558
São Joaquim da Barra;49569;410.86;80512.06;409132.65;182596.08;715059.06;146353.4;1533653.25;31159.15;0.76;0.74;0.85;0.71;0.77;-205.817.899;-478.606.374
São José da Bela Vista;8658;276.95;64474.07;5205.97;36048.48;50616.88;4685.43;161030.83;18672.41;0.69;0.68;0.84;0.58;0.68;-205.934.194;-476.416.942
São José do Barreiro;4069;570.68;6969.58;1884.62;20893.77;15744.85;1445.8;46938.62;11535.66;0.68;0.67;0.81;0.59;0.66;-226.452.376;-445.805.246
São José do Rio Pardo;52960;419.68;108904.92;356114.75;207998.62;873269.46;180972.83;1727260.59;32689.12;0.77;0.74;0.87;0.72;0.85;-21.595.288;-46.887.303
São José do Rio Preto;440796;431.94;50007.68;1864500.92;1575732.09;11405587.9;1598139.44;16493968.03;37720.07;0.8;0.8;0.85;0.75;0.9;-208.125.851;-493.804.212
São José dos Campos;695163;1099.41;16412.71;15867490.19;2589198.54;16515347.97;4840954.5;39829403.91;57929.97;0.81;0.8;0.86;0.76;0.81;-231.805.011;-458.872.969
São João da Boa Vista;86679;516.4;76834.5;553257.59;349097.44;1659526.37;284603.49;2923319.38;33854.7;0.8;0.78;0.87;0.75;0.88;-219.778.137;-467.881.722
São João das Duas Pontes;2492;129.46;13168.43;3511.51;13851.01;10704.62;796.16;42031.72;16805.97;0.72;0.68;0.81;0.69;0.63;-203.878.223;-50.378.858
São João de Iracema;1838;178.4;10153.76;1197.71;13224.29;9439.99;848.61;34864.37;19030.77;0.75;0.68;0.83;0.74;0.67;-205.134.345;-50.352.595
São Lourenço da Serra;15246;186.46;1346.19;19115.11;58471.94;109850.29;17968.43;206751.97;13708.52;0.73;0.7;0.82;0.67;0.8;-238.535.923;-469.440.587
São Luís do Paraitinga;10531;617.32;16024.34;8690.24;44567.34;92097.29;11489.25;172868.46;16446.43;0.7;0.69;0.83;0.59;0.67;-232.220.188;-453.108.724
São Manuel;39326;650.73;123024.57;174851.85;149285.42;567544.85;90007.85;1104714.53;28180.06;0.74;0.74;0.8;0.7;0.8;-22.732.081;-48.572.316
São Miguel Arcanjo;31872;930.34;237311.61;46423.63;111429.86;253222.96;27974.84;676362.89;21263.26;0.71;0.71;0.8;0.63;0.77;-238.807.771;-479.963.492
São Paulo;11753659;1521.11;37648.7;59119808.83;42958613.89;474646034.4;122526246.4;699288352.2;59788.23;0.8;0.84;0.86;0.72;0.85;-235.506.507;-466.333.824
São Pedro;33725;611.28;71831.01;61464.99;129512.93;426567.62;52062.83;741439.39;22141.77;0.76;0.74;0.86;0.67;0.74;-2.255.826.505;-479.342.666.762.494
São Pedro do Turvo;7329;731.22;66573.31;19000.92;31368.95;71976.84;13780.51;202700.54;27736.8;0.7;0.66;0.83;0.64;0.75;-22.745.286;-49.742.829
São Roque;85844;306.91;29215.39;398475.21;328527.04;1607859.02;360694.09;2724770.75;32033.89;0.77;0.76;0.86;0.69;0.82;-235.304.843;-471.355.473
São Sebastião;84569;402.4;12046.39;352263.26;558119.49;1362827.8;425929.58;2711186.53;32541.79;0.77;0.75;0.88;0.7;0.79;-238.027.866;-454.070.527
São Sebastião da Grama;11952;252.41;77740.18;37006.26;44223.35;149818.74;17970.43;326758.97;27320.98;0.72;0.7;0.82;0.72;0.77;-217.118.854;-468.284.162
São Simão;14742;617.25;84368.03;60015.48;69938.09;212866.39;38519.28;465707.27;31704.49;0.77;0.73;0.85;0.72;0.73;-214.800.208;-475.531.095
São Vicente;352794;148.1;3169.65;413975.43;1316031.5;3138752.75;332377.01;5204306.34;14858.66;0.77;0.74;0.86;0.72;0.77;-239.603.686;-463.847.024
Tabapuã;11803;345.79;62153.06;17536.09;48540.12;103936.34;9786.7;241952.3;20575.93;0.74;0.73;0.82;0.67;0.74;-209.648.397;-490.332.398
Tabatinga;15658;368.6;77448.32;22486.41;59510.14;108332.29;10447.94;278225.09;17903.8;0.7;0.7;0.82;0.61;0.78;-2.173.143.155;-4.867.961.383.875
Taboão da Serra;275988;20.39;192.1;2256459.52;933986.85;4394203.33;1259044.62;8843886.42;32498.76;0.77;0.74;0.86;0.71;0.81;-236.121.912;-467.790.539
Taciba;5987;607.27;57480.03;10008.89;34730.25;43704.25;6150.19;152073.61;25541.42;0.72;0.68;0.81;0.68;0.72;-223.901.284;-512.888.486
Taguaí;12834;145.33;27348.03;20680.99;47329.08;112075.82;18314.86;225748.79;17919.41;0.71;0.69;0.82;0.63;0.84;-234.534.312;-494.054.454
Taiaçu;6009;107.06;24515.42;3273.54;23397.03;37581.14;3812.18;92579.31;15440.18;0.71;0.7;0.81;0.63;0.72;-21.143.144;-48.511.203
Tambaú;22712;561.79;70470.65;95929.98;83302.1;241697.69;43138.33;534538.76;23583.29;0.73;0.73;0.86;0.62;0.74;-2.170.292;-47.270.344
Tanabi;24926;747.22;128070.57;281471.21;103047.78;358100.55;67785.49;938475.6;37785.38;0.75;0.74;0.83;0.69;0.8;-206.251.635;-496.519.879
Tapiratiba;12627;221.89;64610.82;77680.13;50115.21;114393.88;19419.04;326219.08;25818.68;0.75;0.7;0.87;0.69;0.76;-2.146.824;-467.493.221
Tapiraí;7732;755.1;46341.39;14022.36;32515.04;47502.74;5304.53;145686.06;18800.63;0.68;0.65;0.85;0.58;0.7;-239.638.345;-475.067.136
Taquaral;2743;53.89;9662.25;1635.61;14545.98;10711.99;1476.11;38031.95;13885.34;0.76;0.74;0.82;0.72;0.82;-2.107.373;-48.412.553
Taquaritinga;54381;594.34;127787.11;239434.24;219914.5;777634.16;104331.44;1469101.44;27044.82;0.75;0.73;0.83;0.7;0.8;-21.407.486;-485.054.848
Taquarituba;23029;448.52;52874.69;69516.43;85512.4;377581.21;65147.4;650632.14;28353.69;0.7;0.7;0.81;0.61;0.79;-235.337.307;-492.452.541
Taquarivaí;5622;231.79;64949.45;14332.56;26042.11;116488.57;20887.53;242700.22;43651.12;0.68;0.62;0.81;0.63;0.74;-239.257.829;-487.005.328
Tarabai;7135;201.38;15999.84;10435.62;29436.04;45922.18;6784.87;108578.55;15357.64;0.73;0.67;0.82;0.7;0.75;-223.038.726;-515.628.675
Tarumã;14428;302.91;70859.52;289285.26;63239.25;366233.33;100680.17;890297.54;62512.11;0.75;0.74;0.85;0.68;0.82;-227.474.736;-505.783.374
Tatuí;117558;523.75;116431.6;1015675.68;445486.24;1807459.13;456100.66;3841153.31;33029.11;0.75;0.73;0.84;0.69;0.84;-233.514.733;-478.552.438
Taubaté;301856;625.0;21266.73;5940670.17;1222656.17;6526335.69;3088794.67;16799723.43;56160.07;0.8;0.78;0.88;0.75;0.79;-23.031.448;-455.612.792
Tejupá;4707;296.19;41751.95;7024.11;21799.08;20218.58;876.48;91670.2;19458.76;0.67;0.67;0.79;0.56;0.69;-233.437.238;-493.772.468
Teodoro Sampaio;22219;1555.8;86845.78;73435.56;85762.55;209353.14;23785.35;479182.38;21660.9;0.74;0.7;0.86;0.68;0.8;-22.447;-523.338.461.538.462
Terra Roxa;8999;221.54;42937.87;12980.91;36266.22;51410.88;3984.11;147579.98;16509.67;0.75;0.73;0.84;0.68;0.72;-20.787.015;-48.331.442
Tietê;40244;404.4;62986.49;503690.77;170187.42;805337.22;197593.56;1739795.46;43673.95;0.78;0.76;0.88;0.7;0.83;-231.030.302;-477.147.937
Timburi;2572;196.79;14999.32;2450.22;15147.43;14139.13;1001.64;47737.74;18503.0;0.71;0.69;0.83;0.63;0.73;-232.064.076;-496.045.576
Torre de Pedra;2307;71.35;1751.63;1961.1;12979.94;10302.64;869.06;27864.37;12120.21;0.71;0.68;0.83;0.65;0.78;-232.478.026;-481.941.034
Torrinha;9635;315.27;36443.93;28969.22;34441.84;99047.05;14432.42;213334.46;22229.29;0.74;0.73;0.85;0.66;0.74;-224.302.536;-481.690.653
Trabiju;1670;63.42;11081.31;6990.02;11746.93;11420.54;1967.43;43206.23;26138.07;0.72;0.67;0.81;0.7;0.79;-220.410.733;-483.350.302
Tremembé;45066;191.09;7788.1;192728.91;173529.32;328629.45;65930.05;768605.83;17226.75;0.78;0.77;0.87;0.72;0.66;-234.482.881;-466.029.761
Três Fronteiras;5525;151.59;26896.42;12656.46;24392.06;39724.76;3876.44;107546.13;19504.2;0.75;0.71;0.83;0.73;0.72;-20.234.355;-50.890.528
Tuiuti;6439;126.73;24498.09;2977.51;25560.61;30305.46;2660.32;86002.0;13475.71;0.73;0.7;0.87;0.63;0.72;-22.819.324;-466.937.627
Tupi Paulista;14829;244.77;43654.73;8944.39;58266.61;158977.63;12317.75;282161.11;19058.5;0.77;0.76;0.84;0.72;0.75;-213.861.914;-515.761.284
Tupã;62950;627.99;154159.82;239609.03;222751.0;1012038.14;131854.73;1760412.73;27941.29;0.77;0.76;0.85;0.7;0.8;-219.349.029;-505.141.497
Turiúba;1917;153.24;16628.0;2534.38;13845.29;12379.61;1656.63;47043.9;24489.28;0.75;0.71;0.82;0.72;0.72;-209.491.284;-501.082.011
Turmalina;1836;147.8;31557.9;2936.41;13005.6;12641.96;1265.02;61406.89;33157.07;0.74;0.72;0.82;0.68;0.8;-200.530.658;-504.763.212
Ubarana;5914;209.86;48697.94;200126.12;29886.69;56760.2;13846.43;349317.38;59835.11;0.7;0.67;0.84;0.6;0.8;-211.637.674;-497.167.796
Ubatuba;86870;708.1;33054.58;218189.24;366796.1;1245923.87;100797.67;1964761.46;22881.72;0.75;0.74;0.84;0.68;0.77;-23.433.162;-45.083.415
Ubirajara;4616;282.18;27070.99;5781.46;22006.15;30973.63;3366.46;89198.69;19420.57;0.73;0.69;0.83;0.67;0.78;-225.261.054;-496.635.412
Uchoa;9645;252.43;68149.87;114066.73;44728.82;108880.43;34028.87;369854.73;38422.47;0.72;0.71;0.82;0.64;0.75;-20.951.106;-49.171.295
União Paulista;1712;79.06;19712.1;2447.36;12993.85;13034.18;925.24;49112.72;28923.87;0.75;0.7;0.86;0.7;0.64;-208.878.168;-498.986.804
Uru;1213;146.9;28719.27;2640.67;10988.66;11298.11;920.95;54567.66;44837.85;0.71;0.68;0.83;0.64;0.74;-217.846.064;-492.819.702
Urupês;13081;323.92;101330.51;20649.52;55027.15;189476.4;23559.32;390042.9;29913.56;0.74;0.74;0.82;0.68;0.75;-212.027.026;-492.921.996
Urânia;8660;209.26;64490.27;18691.08;32209.69;67809.69;7870.47;191071.2;22000.14;0.75;0.73;0.8;0.71;0.75;-20.244.491;-506.450.868
Valentim Gentil;12433;149.74;23580.57;109015.21;49234.24;118292.8;27879.48;328002.31;26736.41;0.74;0.71;0.81;0.69;0.79;-204.226.107;-500.861.511
Valinhos;121809;148.54;37344.77;1437530.96;551237.25;2732932.22;975454.57;5734499.77;47641.0;0.82;0.85;0.85;0.76;0.85;-2.297.056;-4.699.583
Valparaíso;23711;857.66;152793.59;360919.78;100450.88;305543.84;70225.94;989934.03;41992.62;0.72;0.72;0.82;0.64;0.72;-212.239.632;-508.653.953
Vargem;9762;142.6;8581.88;9476.03;36224.65;51294.49;7229.79;112806.84;11694.68;0.7;0.69;0.84;0.59;0.73;-228.902.379;-464.145.366
Vargem Grande Paulista;50797;42.49;26628.84;380874.3;204821.71;940985.05;251991.11;1805301.01;36220.48;0.77;0.76;0.88;0.68;0.84;-23.599.338;-47.022.038
Vargem Grande do Sul;41075;267.18;51673.87;123246.32;152642.51;522243.32;95779.36;945585.38;23140.38;0.74;0.72;0.86;0.64;0.78;-21.832.194;-46.891.286
Vera Cruz;10564;247.72;15959.42;6409.47;40495.81;65670.23;4979.34;133514.27;12614.73;0.75;0.72;0.83;0.72;0.73;-22.225;-498.077.362.170.084
Vinhedo;74858;81.6;9487.46;2632852.71;425112.26;3670369.72;1992113.57;8729935.72;118676.14;0.82;0.84;0.88;0.74;0.9;-230.295.183;-469.756.292
Viradouro;18148;217.73;43298.77;35060.48;71138.41;181360.23;25284.13;356142.02;19730.86;0.74;0.72;0.82;0.68;0.74;-20.873.382;-48.292.974
Vista Alegre do Alto;7802;95.43;30578.73;142273.88;34994.36;111702.84;34144.75;353694.55;45952.26;0.74;0.73;0.84;0.68;0.86;-21.171.293;-486.299.172
Vitória Brasil;1756;49.83;7395.44;1673.0;11981.88;11372.84;1364.22;33787.37;19252.07;0.72;0.69;0.81;0.68;0.72;-201.978.821;-504.847.947
Votorantim;117640;183.52;1024.62;650471.14;463135.61;1572318.97;314832.02;3001782.37;25752.67;0.77;0.72;0.84;0.75;0.8;-235.466.667;-474.377.778
Votuporanga;90432;420.7;47126.54;529123.93;332106.99;1666995.68;232703.73;2808056.86;31278.48;0.79;0.77;0.86;0.74;0.89;-204.252.506;-4.997.226
Várzea Paulista;118022;35.12;1779.84;841136.8;409110.78;1052837.58;353754.5;2658619.5;22765.08;0.76;0.72;0.86;0.7;0.8;-232.113.889;-468.283.333
Zacarias;2518;319.06;45569.97;7770.61;18688.38;19283.23;2208.21;93520.4;37438.11;0.73;0.7;0.83;0.67;0.8;-210.519.444;-500.508.333
Águas da Prata;7758;142.96;11287.88;17650.74;32012.99;80449.24;12372.36;153773.21;19869.91;0.78;0.75;0.89;0.72;0.69;-219.464.285;-467.192.121
Águas de Lindóia;18163;60.13;5822.62;37402.54;84727.57;310390.33;34640.77;472983.83;26192.48;0.74;0.72;0.85;0.68;0.83;-224.718.855;-466.291.034
Águas de Santa Bárbara;5865;404.46;43381.24;9102.16;31961.98;56537.48;7281.15;148264.01;25418.14;0.76;0.74;0.84;0.7;0.73;-228.821.912;-492.383.956
Águas de São Pedro;3043;3.61;0.0;8838.03;20471.18;89496.89;6339.5;125145.61;41659.66;0.85;0.85;0.89;0.82;0.82;-226.000.681;-478.750.887
Álvares Florence;3673;362.41;54505.34;4343.09;20015.68;24645.38;2401.34;105910.83;28624.55;0.73;0.7;0.81;0.68;0.8;-203.205.523;-499.085.255
Álvares Machado;23714;347.65;21247.96;91852.48;96296.95;239291.2;60757.41;509445.99;21516.49;0.76;0.71;0.83;0.73;0.7;-22.076.415;-5.147.224
Álvaro de Carvalho;4962;153.66;9807.34;2708.28;19157.37;16155.8;1654.25;49483.04;10053.44;0.69;0.67;0.8;0.6;0.61;-220.787.992;-497.194.861
Óleo;2550;198.94;52497.19;4080.83;14538.01;15767.17;1337.86;88221.06;34461.35;0.73;0.71;0.86;0.64;0.67;-229.422.754;-493.408.082
