Município;Agropecuária;Indústria;Administração Pública;Serviços Públicos;Impostos;PIB;PIB per capta
Adamantina;45201,02467;138803,3355;168908,8097;621261,3956;80366,51443;1054541,08;31121,17692
Adolfo;33549,76852;8059,446375;21422,15942;33338,62674;3364,626749;99734,6278;28667,61362
Aguaí;87873,1925;297084,2142;121789,1294;336929,4595;99032,52835;942708,524;27263,24611
Águas da Prata;11287,87532;17650,74399;32012,99073;80449,24292;12372,35572;153773,2087;19869,9068
Águas de Lindóia;5822,615705;37402,54424;84727,56557;310390,3299;34640,77198;472983,8274;26192,4813
Águas de Santa Bárbara;43381,23611;9102,161052;31961,97974;56537,48378;7281,145138;148264,0058;25418,13918
Águas de São Pedro;0;8838,033364;20471,18243;89496,89366;6339,504513;125145,614;41659,65844
Agudos;80476,4423;800703,35;174721,0886;672594,7295;334526,0885;2063021,699;57826,59768
Alambari;35578,25977;7684,430367;24265,69012;28925,0689;4113,246791;100566,696;18245,04644
Alfredo Marcondes;5147,290928;16134,30588;19518,69663;28834,32463;13365,2867;82999,90477;21173,44509
Altair;137866,8098;9244,010201;20293,64645;37987,08533;4689,40621;210080,958;52877,16034
Altinópolis;195155,4952;22009,41929;64684,57201;221688,6399;23401,1848;526939,3112;33869,34768
Alto Alegre;36909,22203;12081,21058;22009,11383;32604,8356;6853,252934;110457,635;27293,70768
Alumínio;1269,671202;902768,7363;92240,79587;376606,076;480691,9039;1853577,183;105101,9042
Álvares Florence;54505,33619;4343,087526;20015,68018;24645,38159;2401,339566;105910,8251;28624,54731
Álvares Machado;21247,96388;91852,47973;96296,94551;239291,1954;60757,40536;509445,9898;21516,49237
Álvaro de Carvalho;9807,336145;2708,277623;19157,37164;16155,80349;1654,248684;49483,03758;10053,4412
Alvinlândia;25525,02347;4484,1585;15774,09607;17155,13435;875,9508902;63814,36329;20414,06375
Americana;9880,243952;2133299,945;960987,8981;5732972,977;1545731,839;10382872,9;45694,63876
Américo Brasiliense;30758,88866;286949,6914;143002,2413;398981,4433;88567,7978;948260,0626;24584,15593
Américo de Campos;33236,59532;4367,235283;26572,4439;37694,95299;2825,740336;104696,9678;18262,16079
Amparo;82866,64481;1855851,601;288371,7087;1473018,99;658881,8266;4358990,772;63540,28704
Analândia;37155,13671;44876,14974;26431,84419;45968,27189;4873,628939;159305,0315;33938,01267
Andradina;106593,4705;504535,0093;226411,4605;974348,7452;160106,1229;1971994,808;35286,02527
Angatuba;128125,978;311106,0226;98511,62689;357916,1296;67701,55893;963361,316;40458,66683
Anhembi;63606,48846;19141,19533;30446,10386;36419,45423;4836,295561;154449,5374;24257,81961
Anhumas;32818,54779;6330,657351;19637,44213;22387,40367;2268,596527;83442,64747;21406,52834
Aparecida;1600,983922;43347,82605;143451,9929;808670,4558;51594,55038;1048665,809;29539,04986
Aparecida d'Oeste;25620,80777;36878,69524;19739,59221;36052,68437;7172,642416;125464,422;29716,82189
Apiaí;138271,4757;169646,3205;91731,04701;211060,3411;41024,21862;651733,4029;26398,79305
Araçariguama;1185,790391;766996,6588;107357,6676;1481381,03;487302,6805;2844223,828;143249,7521
Araçatuba;96174,18636;1209743,357;660648,2088;4405628,587;598338,5249;6970532,865;37058,18203
Araçoiaba da Serra;21992,10488;147009,8122;121087,7377;311046,4351;66897,86569;668033,9555;21636,02654
Aramina;36585,09427;4955,27669;24621,39933;53573,59364;8629,26275;128364,6267;23762,42626
Arandu;44439,19009;7095,466212;29579,48491;34453,95017;3630,024945;119198,1163;19384,95956
Arapeí;1581,358289;1637,874448;13911,77479;10854,82701;1104,567846;29090,40238;11767,96213
Araraquara;200057,2325;1507590,564;969742,6125;5311977,047;1019740,797;9009108,254;40437,48739
Araras;122418,6846;1497398,955;528971,9072;2550544,261;584687,2512;5284021,06;41442,97738
Arco-Íris;19210,62196;5870,207898;12108,52443;9148,406201;1416,184265;47753,94476;25939,13349
Arealva;63077,69337;12404,8549;33030,81805;92947,42156;11974,11345;213434,9013;26369,5208
Areias;5873,932884;1992,96304;19630,26712;14058,16615;1456,550235;43011,87943;11351,77604
Areiópolis;22810,72687;9759,363818;41952,34046;55166,40356;5095,338983;134784,1737;12534,56465
Ariranha;28757,21279;215860,4671;40565,85486;303063,7044;132491,0759;720738,315;79219,4235
Artur Nogueira;115395,555;150619,6207;185970,2892;517120,824;111963,1441;1081069,433;21470,66459
Arujá;24931,09309;754285,2068;352025,2964;3360069,73;820565,6777;5311877,004;62283,1063
Aspásia;10070,68838;1715,692083;11537,82166;9010,865094;846,2111236;33181,27835;18672,63835
Assis;65695,12381;485332,8891;395613,0607;2019319,041;337987,7426;3303947,858;33175,165
Atibaia;165003,0619;1320361,203;566782,6664;3120684,755;989967,6303;6162799,316;45356,38871
Auriflama;28172,45013;32022,93654;59503,11333;158340,2647;16032,51181;294071,2765;20410,27738
Avaí;162331,5295;10628,43154;25660,44968;59450,7094;5830,486621;263901,6068;50838,29836
Avanhandava;44779,25161;184441,7992;49974,81954;118360,8896;30514,87991;428071,6399;36072,43953
Avaré;119649,9429;454730,1241;352381,3191;1467195,82;227082,8562;2621040,062;30393,09889
Bady Bassitt;16171,35599;37203,37359;69007,95206;171952,251;24367,63837;318702,571;20053,01523
Balbinos;15266,0418;5493,009228;21284,63574;10866,82633;1483,142052;54393,65515;14708,93866
Bálsamo;36587,72805;11222,8643;33939,87663;106287,3294;15270,30629;203308,1047;24120,07411
Bananal;8610,758273;33925,58046;45841,8808;96980,4497;16845,2236;202203,8928;19231,87111
Barão de Antonina;7525,557047;3247,421672;17076,53239;45549,06531;6253,742828;79652,31924;24129,75439
Barbosa;16892,66422;9299,238295;27650,64316;32404,6927;3185,484577;89432,72295;12646,02983
Bariri;72377,52969;276802,6376;137966,4625;540166,8329;119025,1302;1146338,593;34409,08278
Barra Bonita;21503,97497;367581,2732;141093,1868;707704,0585;149912,9451;1387795,439;39650,16538
Barra do Chapéu;36793,80871;3543,18513;21569,61025;17792,89847;1858,692785;81558,19535;14995,07177
Barra do Turvo;3855,073506;3869,087891;34893,59444;29427,77892;6237,507371;78283,04213;10206,39402
Barretos;239259,752;931826,7262;513944,3015;2389509,308;369041,3085;4443581,396;38162,31157
Barrinha;30739,29124;83934,30397;117988,9196;210610,1147;25703,45113;468976,0807;15031,76643
Barueri;336,1753882;4103571,242;1728842,177;28060581,46;13660257,8;47553588,86;184656,2037
Bastos;580210,273;75193,38038;81040,72574;269743,1525;41932,28708;1048119,819;51692,6326
Batatais;170048,6344;157922,4893;233565,305;808101,1951;109801,4947;1479439,119;25004,46395
Bauru;42933,0923;2492140,708;1390164,787;8598393,649;1248120,627;13771752,86;38402,18411
Bebedouro;120479,553;489836,3593;309045,3422;1947023,786;394116,3761;3260501,417;43775,10864
Bento de Abreu;37580,31283;64608,69211;17680,86622;38094,32174;11807,27238;169771,4653;59236,38007
Bernardino de Campos;26365,10443;47375,30639;42580,38396;101819,1426;18528,45019;236668,3876;21960,50734
Bertioga;5979,119405;158706,3773;351905,8403;995471,7947;94489,80023;1606552,932;27417,91846
Bilac;56254,01433;9558,310617;30833,43352;79902,73812;8354,320082;184902,8167;24310,12578
Birigui;67652,34684;557229,3704;462336,4828;1749459,983;309960,2353;3146638,418;26713,28872
Biritiba-Mirim;293617,5357;36810,72086;113533,3264;235321,3983;25324,1083;704607,0895;22587,1803
Boa Esperança do Sul;135844,4197;31959,827;61853,03;119088,3139;16661,87826;365407,4689;25547,61021
Bocaina;39912,55103;26154,52598;51109,58956;95684,06496;12350,66281;225211,3944;19139,23637
Bofete;31035,85899;23777,85786;45458,3093;56339,10449;7860,070155;164471,2008;15441,8553
Boituva;23615,97722;907282,2526;248443,8179;1114209,571;403314,4112;2696866,03;49197,62173
Bom Jesus dos Perdões;8349,992544;324615,2151;95275,40603;321322,3731;114360,2243;863923,2111;37617,4872
Bom Sucesso de Itararé;3962,241719;12821,90578;18412,45612;15382,39059;2392,410154;52971,40435;14065,6942
Borá;14626,80436;29287,61495;7998,199274;17212,57035;5039,617934;74164,80686;91561,48995
Boracéia;21310,16432;91817,23256;23249,38915;108271,0862;34561,44894;279209,3212;60500,39462
Borborema;122078,9249;27766,58233;64943,07553;173911,6705;20414,03311;409114,2864;27068,56467
Borebi;19187,64607;3877,177374;15882,12889;20057,16756;3475,136121;62479,25602;25021,72848
Botucatu;194540,7167;970290,5933;457842,4116;2290444,089;377551,4468;4290669,257;31242,58565
Bragança Paulista;50981,22558;1413094,042;601623,6751;2935876,676;670866,9968;5672442,615;35610,34211
Braúna;23530,97282;8354,452695;24170,05522;34976,44178;3498,694994;94530,61751;17499,18873
Brejo Alegre;10358,60577;103216,7269;18050,32263;45541,17707;16258,35986;193425,1922;71295,68455
Brodowski;62259,92318;142158,1504;97366,05145;281634,8062;55952,60242;639371,5337;27586,46649
Brotas;96908,88437;200355,6934;100365,8134;339931,3788;66453,83623;804015,6062;34637,92892
Buri;97996,46112;37316,96514;81159,72056;132763,001;19270,01496;368506,1628;19089,62717
Buritama;50861,12396;247056,9905;70059,65924;206079,3692;30043,73017;604100,873;37134,30495
Buritizal;42539,45683;66310,06292;25234,27995;36526,98314;7436,844155;178047,627;42032,01771
Cabrália Paulista;17475,27959;15584,39334;21319,13235;25191,88535;4904,311123;84475,00175;19567,98743
Cabreúva;28712,25352;1087489,994;211099,3087;1989300,52;977721,643;4294323,72;91236,58791
Caçapava;17708,79476;1558692,216;342568,4648;1489234,6;666919,1697;4075123,246;45540,7535
Cachoeira Paulista;13005,58784;69027,08933;122261,5004;357149,5269;29937,67654;591381,3811;18700,98919
Caconde;84812,98419;41396,37663;69380,16899;137249,2981;10754,85071;343593,6786;18323,04173
Cafelândia;97479,34921;81826,84355;75128,7316;184398,6041;29508,61807;468342,1466;27452,64634
Caiabu;18381,32446;3825,12354;18810,24391;18197,31221;1382,816287;60596,82041;14786,92543
Caieiras;1876,426909;1106490,067;366926,5892;1369992,822;444319,5717;3289605,476;34135,86955
Caiuá;24939,97192;2870,066315;27556,25121;18455,82376;3820,734181;77642,84738;14285,71249
Cajamar;195,2140983;2258830,921;390543,4593;8877513,445;3476107,628;15003190,67;203880,9407
Cajati;236014,4682;670371,34;117780,5045;388594,6569;152573,5862;1565334,556;54546,9755
Cajobi;28436,24598;9240,566395;40181,67329;67831,48132;7004,813852;152694,7808;15245,08595
Cajuru;105636,5158;90964,94872;96410,59539;226847,3664;55163,73944;575023,1657;23018,42063
Campina do Monte Alegre;20901,28625;14565,85155;26170,78352;39771,3479;4588,928865;105998,1981;18473,02163
Campinas;103182,5986;9993493,461;4542556,231;34770630,45;9643700,279;59053563,02;51317,32268
Campo Limpo Paulista;6544,328254;532783,8335;295796,1724;869271,2764;217798,0301;1922193,641;23943,02136
Campos do Jordão;3880,864476;122827,5129;212895,2609;782435,9319;73511,17984;1195550,75;24180,87355
Campos Novos Paulista;46180,04251;8715,459388;23214,97687;42737,75454;5483,928176;126332,1615;26697,41367
Cananéia;33095,56053;47667,59893;54526,9401;112186,7999;11295,31105;258772,2105;21101,86826
Canas;1261,878547;46070,07629;23604,48855;159166,6435;26626,5497;256729,6366;52803,29836
Cândido Mota;104489,2637;177302,3667;123239,1;497998,5768;102637,6778;1005666,985;33536,76543
Cândido Rodrigues;44705,21161;13972,26824;15598,69292;35570,40043;5482,796041;115329,3692;43113,78289
Canitar;11031,56185;100815,1483;22942,80116;44829,72617;14837,3242;194456,5617;40528,67063
Capão Bonito;126724,1218;72312,38364;177328,7121;391732,2218;46317,41175;814414,851;17610,11203
Capela do Alto;36620,691;25166,07271;82246,76784;125405,4597;16340,36449;285779,3558;14576,1173
Capivari;68515,0875;557711,0109;233394,6603;769018,9693;248734,9545;1877374,683;35730,25298
Caraguatatuba;15623,2264;330874,5882;553421,8376;1816015,819;212350,9989;2928286,47;26195,23263
Carapicuíba;240,1252773;799181,0079;1086566,146;3135361,037;473008,5079;5494356,824;14170,39169
Cardoso;79428,92829;14662,4308;51891,97893;105458,1979;8115,569851;259557,1058;22091,84661
Casa Branca;191197,435;46732,71522;123992,5689;378709,9259;61089,65631;801722,3014;27527,89113
Cássia dos Coqueiros;94947,14216;5667,97567;15136,99046;22493,34211;1605,688121;139851,1385;55298,98716
Castilho;66153,59214;406016,5875;101473,5964;340460,96;87024,68846;1001129,424;50234,80478
Catanduva;60808,64107;850547,6352;475354,0081;2232544,609;355404,2205;3974659,114;34249,24485
Catiguá;24765,82361;6649,272153;30921,82842;49806,09286;6178,631378;118321,6484;15950,61316
Cedral;44158,21521;71104,45692;40726,49151;123106,7193;33653,65876;312749,5417;36400,08632
Cerqueira César;69419,13508;272898,3597;83180,28174;269844,1814;57663,84798;753005,8059;40233,26597
Cerquilho;63121,64788;544636,1877;180916,7245;720497,2623;234085,1364;1743256,959;39128,59038
Cesário Lange;41393,35056;79197,13821;69892,07257;193084,649;35621,01435;419188,2247;24944,25616
Charqueada;28679,2359;92310,03319;61971,08883;139280,4765;28672,34776;350913,1822;21404,97634
Chavantes;35996,74943;15458,57452;50092,11812;97146,52264;12833,27919;211527,2439;17352,52206
Clementina;18183,62365;80366,22107;32158,36075;94622,79479;19816,10961;245147,1099;30758,73399
Colina;97368,8404;373239,6259;83061,44502;310982,7878;84326,77974;948979,4789;54072,90478
Colômbia;137480,2497;85830,07785;37563,51322;77194,97233;20150,92317;358219,7362;59366,87707
Conchal;47049,86579;169657,9545;114140,1875;269525,6903;55659,46423;656033,1624;24587,106
Conchas;46866,49276;36086,48767;70789,10519;168354,2793;22166,86643;344263,2313;20392,32504
Cordeirópolis;57316,34273;722705,5286;134041,9214;1294870,824;401102,7461;2610037,363;111421,0187
Coroados;51372,25858;24666,57129;24311,56631;52729,76906;8780,678912;161860,8441;28198,75334
Coronel Macedo;28044,10428;6458,454544;22945,11406;20763,26558;1870,975769;80081,91423;16430,42967
Corumbataí;29438,07937;9276,580232;23894,14446;114717,0415;31440,80028;208766,6458;53040,30635
Cosmópolis;25496,58561;550711,9054;245067,3193;612042,6347;142342,3121;1575660,757;23292,39666
Cosmorama;80360,63342;55030,52472;32555,13692;79146,99817;25071,01471;272164,3079;38555,6464
Cotia;18474,56746;2590621,012;939138,6734;5740349,464;2284785,662;11573369,38;49521,69797
Cravinhos;63726,24971;224010,5969;133387,5976;485161,5318;128949,9783;1035235,954;30780,36317
Cristais Paulista;71107,01165;14258,59994;34766,93181;68203,16095;7318,196614;195653,901;23898,11909
Cruzália;21399,86517;5968,841132;13454,55588;77749,86065;12645,83069;131218,9535;60805,8172
Cruzeiro;6977,572895;607797,3244;289499,3679;978878,291;253576,1181;2136728,674;27007,2004
Cubatão;960,5011092;6628257,296;833356,215;3430522,755;1443816,73;12336913,5;97866,18566
Cunha;24077,57192;14789,437;79627,89655;116278,4914;8764,747152;243538,144;11227,61256
Descalvado;145240,1923;493345,3649;130894,9609;631609,6658;242255,9801;1643346,164;51277,65115
Diadema;816,4259428;3240519,283;1570593,698;6258426,859;2342346,303;13412702,57;33572,8832
Dirce Reis;8692,461141;18793,56534;13141,24024;15212,74345;4711,766517;60551,77668;35369,02844
Divinolândia;60813,94911;13944,65464;45415,08857;166296,0786;13366,21161;299835,9825;27342,32925
Dobrada;27281,33314;14687,32361;32549,01968;33994,19277;8528,890863;117040,7601;13585,69473
Dois Córregos;117957,8517;106997,9774;98730,84828;276311,0379;53860,19096;653857,9062;24856,79172
Dolcinópolis;14394,965;3314,007532;11360,34316;14621,7532;1163,403317;44854,47221;21795,176
Dourado;31140,6123;134221,3623;35304,55975;253268,2418;141113,8419;595048,618;69874,19188
Dracena;53579,25593;108487,4984;166346,7781;747767,5681;90653,76306;1166834,864;26194,51933
Duartina;14001,71893;44505,50025;49292,49132;130960,1158;13178,7763;251938,6026;20892,16374
Dumont;25802,43593;61659,78051;34610,11202;87444,39508;24454,14741;233970,8709;25431,61641
Echaporã;47928,50637;8817,820681;25938,06674;41829,55507;3576,418757;128090,3676;20514,1524
Eldorado;190361,2687;16126,05642;58965,89091;87658,79669;8897,071948;362009,0847;24150,039
Elias Fausto;87657,68828;185540,2075;71876,02912;201550,5052;85711,96798;632336,398;37414,14106
Elisiário;19826,24836;5014,462183;17302,93123;22824,66009;2929,327816;67897,62968;20011,09039
Embaúba;17249,62449;6232,158674;14294,19172;15195,78566;1375,688028;54347,44858;22569,53845
Embu das Artes;288,1503328;1217896,424;891543,3462;7281645,244;2321675,717;11713048,88;44734,29506
Embu-Guaçu;1606,73145;214770,3664;242460,4754;471475,7983;113177,0483;1043490,42;15698,66737
Emilianópolis;21657,07297;3892,377075;17181,32156;16632,19623;1361,953332;60724,92117;19851,23281
Engenheiro Coelho;24954,11611;155387,9408;73598,94111;282935,2256;59756,91702;596633,1407;31090,83589
Espírito Santo do Pinhal;68147,86139;258687,0275;155282,6071;653404,117;123490,3049;1259011,918;29690,17611
Espírito Santo do Turvo;20625,33691;4376,116756;21594,89583;21191,90599;3748,133098;71536,38858;15453,96167
Estiva Gerbi;39338,27255;105302,4215;48896,51064;96779,25052;22911,48072;313227,9359;29064,48324
Estrela do Norte;21276,77895;10280,52932;16764,70365;14240,37768;1907,179279;64469,56887;24254,91681
Estrela d'Oeste;43785,54769;431080,0006;35949,98096;262648,5736;85994,74023;859458,8431;105688,4952
Euclides da Cunha Paulista;31713,21581;6402,850729;35438,89097;33244,83157;3135,176042;109934,9651;11555,07306
Fartura;69147,6022;45850,72125;60548,30591;191540,3703;21560,06542;388647,0651;25019,12354
Fernando Prestes;83410,06443;16897,55685;24455,28364;64937,3853;9848,277885;199548,5681;35851,34174
Fernandópolis;84319,37828;277032,7548;255463,5701;1166769,101;146691,3167;1930276,121;29346,20714
Fernão;22042,42053;2763,151926;10987,53882;9119,791087;1150,744738;46063,6471;28399,28921
Ferraz de Vasconcelos;1752,221372;829615,4833;592287,8033;1300466,576;265738,2106;2989860,294;16110,54991
Flora Rica;15289,23305;1849,709699;11991,85475;9407,112302;700,5202636;39238,43006;24102,22977
Floreal;17948,44353;4458,945848;17413,83463;17878,79575;1753,902305;59453,92206;20522,58269
Flórida Paulista;53357,37451;12030,66343;51598,58061;73874,77174;5882,284745;196743,675;15975,93788
Florínia;36866,04075;7492,282084;16534,09483;146345,6571;24412,40634;231650,4811;84822,58552
Franca;49446,77342;1686936,054;1168903,417;5600992,665;903030,957;9409309,866;28040,28402
Francisco Morato;451,310252;132648,4829;532960,2457;724331,9251;74235,58076;1464627,545;8711,798387
Franco da Rocha;3517,297028;981602,2273;481976,9499;1305278,739;257418,7767;3029793,99;20733,69414
Gabriel Monteiro;15128,3298;19314,41838;14543,49686;23713,27148;2907,212613;75606,72914;28064,85863
Gália;30058,65203;13420,11918;27202,66756;59336,89393;7838,3253;137856,658;20689,87813
Garça;80480,48094;228101,0766;163047,0267;596282,5926;91213,66927;1159124,846;27175,05618
Gastão Vidigal;18221,38645;3258,716;20215,67137;22554,18211;2444,499175;66694,4551;14454,80171
Gavião Peixoto;71071,00212;518204,3187;28381,90815;134545,3788;87612,44858;839815,0563;184453,1202
General Salgado;47374,89738;18088,14351;48904,71456;130399,6997;15095,84319;259863,2983;24352,2911
Getulina;70842,33038;8196,283795;42727,46012;67749,37212;5602,487431;195117,9338;18038,08208
Glicério;23533,96011;17414,35431;23002,98581;29104,04726;4006,92196;97062,26946;20660,33833
Guaiçara;29384,19176;28757,9442;45449,73614;68421,29804;13253,2592;185266,4294;16004,35637
Guaimbê;17627,48228;2599,027047;22231,09549;27073,36145;2538,710817;72069,67709;13120,27619
Guaíra;234521,999;1876488,154;180592,4409;1059219,25;346454,3498;3697276,193;95737,23279
Guapiaçu;76302,80452;137544,7204;77832,47414;197562,2255;39737,39456;528979,6191;26421,23866
Guapiara;124329,9471;37425,04822;64167,90531;79109,73658;12123,33534;317155,9725;17894,15327
Guará;69389,81964;65583,37864;84889,65647;183166,8091;19351,70515;422381,369;20582,88431
Guaraçaí;82888,90574;11867,78203;37928,5492;86377,20576;9930,153536;228992,5963;27170,45518
Guaraci;134588,0745;67477,57312;53104,20838;98403,01897;23106,7076;376679,5825;35253,11956
Guarani d'Oeste;6556,40402;3382,756199;12279,30782;10678,54326;1110,790656;34007,80195;17556,94474
Guarantã;52398,97242;24852,4312;27571,12589;54392,11416;7436,272645;166650,9163;25829,34227
Guararapes;215330,21;190987,5437;123385,4078;400447,9484;57105,18997;987256,2999;31147,66216
Guararema;34386,48774;241056,0416;120745,7266;386786,7121;177984,5509;960959,519;33920,20893
Guaratinguetá;27005,13719;1808323,949;443474,6287;2256147,951;742742,1044;5277693,771;45264,4045
Guareí;52778,18032;43970,68607;60763,5127;69302,42818;13014,00434;239828,8116;15578,35736
Guariba;64309,01747;218824,9438;144568,9736;391870,9015;69883,18913;889457,0255;23400,60577
Guarujá;36451,97835;1547007,911;1392761,696;4654626,527;958893,3154;8589741,428;27841,58481
Guarulhos;33651,22333;10558105,44;5192961,912;30562197,9;9396733,524;55743650;42449,71515
Guatapará;103640,2919;8839,563394;37223,07787;56457,73915;11348,83121;217509,5035;29808,0723
Guzolândia;15469,92791;3994,588088;22538,79696;18110,48388;1518,562372;61632,35921;12316,61855
Herculândia;78092,46496;83880,68086;34009,65025;87387,69577;18995,541;302366,0328;33259,93101
Holambra;275892,2162;138558,7002;69676,39055;344597,1399;79440,27217;908164,7191;66698,34894
Hortolândia;1067,316565;4595480,269;880926,7674;5612969,469;1838183,688;12928627,51;59052,6255
Iacanga;101247,0129;53102,39863;48387,39475;176739,9105;33703,97081;413180,6875;37771,33993
Iacri;91194,7979;11793,13787;25394,43403;65340,19968;11996,89481;205719,4643;32550,54815
Iaras;37425,32986;8419,260434;32644,77488;39509,13325;6728,194404;124726,6928;18530,18761
Ibaté;60055,54751;290786,9401;124108,9677;366842,0733;74079,12471;915872,6534;27280,84872
Ibirá;49633,80108;30889,05982;49506,06279;102410,3685;13468,65846;245907,9507;20958,65939
Ibirarema;37889,07326;20455,02467;28321,35287;77638,34103;16108,99372;180412,7856;24802,41759
Ibitinga;134035,5643;308708,242;202997,5468;711090,9798;124763,3636;1481595,697;25982,87848
Ibiúna;272540,3074;276793,6348;279236,6162;674770,0328;129426,5571;1632767,148;21806,57293
Icém;27677,30112;35005,15561;37619,35428;73813,17716;4942,407281;179057,3955;22760,56889
Iepê;56005,13126;14853,69581;35836,65494;116015,5215;22183,81547;244894,819;31284,46845
Igaraçu do Tietê;15292,89137;18599,12207;87774,05763;160846,774;16994,98923;299507,8343;12533,28177
Igarapava;86264,87819;156588,423;107669,7837;603857,0542;121851,5515;1076231,691;37064,14887
Igaratá;1980,376455;35375,4254;45974,92633;107089,1487;26962,10036;217381,9772;23708,36266
Iguape;88697,5712;275358,4561;122478,8767;303479,789;19909,51253;809924,2054;27703,92356
Ilha Comprida;4034,104659;375746,1065;79886,85487;224368,8487;8907,779913;692943,6947;69987,24318
Ilha Solteira;58503,01097;39767,6456;129062,7167;368182,7272;31919,75248;627435,853;24517,83256
Ilhabela;3150,280732;3971694,977;219987,9582;1882985,911;75790,7818;6153609,908;192372,4493
Indaiatuba;31704,98849;3597372,877;1017718,368;5995913,017;2847222,932;13489932,18;57999,76002
Indiana;8782,545318;3981,890156;20864,90559;24769,35343;2817,081372;61215,77586;12777,24397
Indiaporã;29247,74024;4695,978718;19642,27527;35496,46728;3690,155587;92772,6171;24015,69172
Inúbia Paulista;9154,126695;5688,395459;18683,09413;91777,07797;14596,39713;139899,0914;36641,98307
Ipaussu;43523,98548;87355,29159;59242,29208;151497,6912;26259,7448;367879,0051;25821,50664
Iperó;16359,42272;139119,3236;126335,3269;219263,5821;63272,36671;564350,0219;17294,37429
Ipeúna;18253,53516;401157,1382;30059,9264;175959,6186;72541,60964;697971,828;98486,21815
Ipiguá;26763,82876;15383,64207;21892,37391;27942,93129;8675,322402;100658,0984;20087,42734
Iporanga;6136,158425;2299,591741;22612,69118;17703,50642;1735,362388;50487,31015;11563,74488
Ipuã;95640,85774;43303,53778;70219,50618;150384,4821;19746,14879;379294,5326;24693,65446
Iracemápolis;25886,42723;357911,557;94921,81281;371396,2938;459510,807;1309626,898;57807,41107
Irapuã;59437,42071;10044,0166;30336,91828;45689,80307;3867,328962;149375,4876;19644,3303
Irapuru;15977,34683;2489,296743;28616,5936;35859,62024;3342,204114;86285,06152;11566,36213
Itaberá;154935,5748;24308,2166;67073,03837;247677,152;41077,47741;535071,4592;30310,51149
Itaí;157796,9506;58801,94132;107319,9355;225355,3123;38521,69771;587795,8374;22824,36366
Itajobi;180610,0443;499470,1034;65346,30943;346892,9243;99516,1197;1191835,501;81532,04961
Itaju;37360,88734;9686,142341;18673,35827;34764,69996;7243,274329;107728,3622;30440,33971
Itanhaém;94617,84944;136185,7482;445585,0274;1082913,258;96067,82457;1855369,708;19482,0151
Itaóca;3471,869783;6803,312417;16210,87198;10974,43927;1572,006786;39032,50024;12251,25557
Itapecerica da Serra;16001,96724;562121,8896;587069,4705;1762583,424;354165,6592;3281942,41;19943,86457
Itapetininga;253556,2152;1086311,251;560363,7217;2111050,974;447574,5946;4458856,756;28690,92566
Itapeva;534352,6252;236228,9898;375187,2816;1070654,051;155149,8625;2371572,81;26230,15031
Itapevi;264,137805;3009822,711;813244,1715;5842637,556;1931588,111;11597556,69;51268,75655
Itapira;74326,76097;1255646,659;296239,3762;1441849,672;389881,6574;3457944,126;48839,63908
Itapirapuã Paulista;2309,040301;1893,578391;20228,83416;12659,13622;1135,839656;38226,42873;9380,718706
Itápolis;245436,4502;251590,1285;156358,1357;612352,186;107362,4552;1373099,356;33392,49406
Itaporanga;37098,17234;13065,81728;55239,18498;176935,2701;26768,32768;309106,7724;21121,06405
Itapuí;23168,02826;192995,9625;53897,00336;258638,7976;93278,66692;621978,4586;46716,12277
Itapura;39378,3966;7638,839954;25177,77297;26554,70377;3134,905858;101884,6192;21458,42863
Itaquaquecetuba;9326,734184;1442157,128;1168908,056;3457623,456;854282,6429;6932298,016;19500,02536
Itararé;72139,8198;79436,69633;174788,8751;484635,5124;64363,15256;875364,0562;17999,38429
Itariri;103423,2305;11344,88229;59091,15758;86518,90019;9103,238732;269481,4093;16117,30917
Itatiba;523253,6807;1607830,377;454000,752;2085066,674;896212,5146;5566363,998;49119,02155
Itatinga;55161,92256;28380,83551;78019,0815;127870,6001;21723,27615;311155,7158;15731,62019
Itirapina;53529,89814;29456,05608;80579,83387;169897,4674;52790,96169;386254,2172;23153,9514
Itirapuã;13844,08599;8071,670144;26389,23831;26291,53454;3686,945577;78283,47456;12693,93134
Itobi;27208,73314;8649,870622;26062,39717;54558,95669;6861,356397;123341,314;16248,36175
Itu;39411,89086;1844558,128;673315,9139;3606536,311;1408999,223;7572821,467;45825,62173
Itupeva;29519,4477;2444796,295;281878,7406;2181641,058;1186580,761;6124416,302;111553,8206
Ituverava;163181,4087;422521,1329;169657,055;655192,1774;208630,1039;1619181,878;40655,38147
Jaborandi;55089,88252;8441,100778;29860,19835;45199,368;3510,610999;142101,1606;21346,12598
Jaboticabal;217396,7287;524608,3837;312475,662;1449233,291;248291,4204;2752005,485;37421,37699
Jacareí;24471,93024;4118873,482;826614,4688;4661223,412;2065171,085;11696354,38;52401,37799
Jaci;39357,10546;98175,45992;28183,66956;123481,2005;53726,60003;342924,0354;52060,73105
Jacupiranga;180321,3955;33265,55596;64722,68461;285217,851;41192,90388;604720,391;35194,99424
Jaguariúna;13775,62384;2869281,162;273436,6087;5393409,453;2796125,044;11346027,89;217669,5998
Jales;60871,18781;214949,1945;174562,4093;841226,4158;102851,266;1394460,473;29541,15061
Jambeiro;5642,818076;85452,25176;30677,59497;59578,57251;50596,60469;231947,842;38728,97679
Jandira;528,2756101;965664,2575;417680,1903;1877622,278;767012,8857;4028507,887;33849,87848
Jardinópolis;91834,36312;154914,9341;174829,2463;543401,065;107325,1834;1072304,792;25878,57882
Jarinu;34527,96443;368637,3721;138015,4636;1357378,32;352963,4507;2251522,571;80210,99291
Jaú;103516,752;713085,7109;526007,8262;2790990,069;426771,109;4560371,467;31921,96183
Jeriquara;29700,12274;6202,105084;17635,73358;27376,89145;2642,296317;83557,14917;26568,25093
Joanópolis;22942,86996;15678,24672;48817,28333;110425,0773;9850,255749;207713,7331;16726,82663
João Ramalho;117311,5408;5735,356193;21839,54603;31363,53227;2818,268547;179068,2439;41518,25733
José Bonifácio;149878,9689;389502,9002;140009,4169;599734,7583;110864,8349;1389990,879;39673,21838
Júlio Mesquita;5103,358328;1616,865275;22378,12451;20640,74136;1735,136133;51474,2256;11263,5067
Jumirim;5274,437409;37748,70112;18037,49577;30011,53679;12861,11627;103933,2873;32827,94926
Jundiaí;112983,0339;8240604,972;1915874,445;23137051,65;7821438,845;41227952,95;103756,4909
Junqueirópolis;73823,56514;119851,3213;75870,75223;286105,9596;57551,32992;613202,9282;31180,86688
Juquiá;117389,292;24442,99001;69034,34;135948,1105;14811,35458;361626,0871;19155,95334
Juquitiba;683,938369;49730,13362;110638,5478;281773,1369;42844,87224;485670,6289;16263,8346
Lagoinha;8031,217956;3509,285793;20530,82771;20686,52891;1856,585173;54614,44554;11333,14911
Laranjal Paulista;36781,21978;350873,6402;109869,0312;377299,8641;132648,6403;1007472,396;37207,68163
Lavínia;53616,99257;4255,475505;43972,45233;40468,10583;5220,637635;147533,6639;17215,12997
Lavrinhas;4323,879493;31292,38174;29711,36134;33942,39589;10337,25061;109607,2691;15669,3737
Leme;85596,43284;689086,2461;384361,369;1452474,519;366746,7976;2978265,364;30302,64707
Lençóis Paulista;130585,3617;684359,4739;265546,7698;1197823,004;291387,9669;2569702,576;39574,67815
Limeira;88103,1389;3632099,034;1137998,998;5574861,556;1721688,766;12154751,49;41824,52778
Lindóia;5769,722462;37074,96145;34325,48366;73039,53222;14518,18034;164727,8801;22093,33156
Lins;95963,8262;1425215,594;257808,3937;1499088,087;295903,8461;3573979,747;48218,83091
Lorena;8973,522399;593835,7944;302590,2981;1261604,802;272662,8991;2439667,316;28553,49027
Lourdes;11147,46473;2273,190632;13095,95258;11363,32378;974,3231407;38854,25487;17896,93914
Louveira;25611,44862;4121259,096;291733,9027;6850238,584;2517119,27;13805962,3;305198,5653
Lucélia;28146,88819;91954,43252;76524,64375;194215,5096;37497,37315;428338,8472;20691,69834
Lucianópolis;17101,16619;2702,338305;14443,78308;13328,10836;1223,108106;48798,50403;21649,7356
Luís Antônio;115195,9228;734740,8374;69814,00381;274581,058;129188,5129;1323520,335;98725,96859
Luiziânia;17455,60811;3749,906728;22264,81475;25245,46465;1920,352388;70636,14663;12759,41955
Lupércio;10244,4346;12523,31536;19890,03659;23796,68357;3061,31415;69515,78427;15799,04188
Lutécia;49958,49376;7563,005654;15440,32148;17603,45595;1843,495294;92408,77215;34950,36768
Macatuba;48595,13674;78846,37617;68661,5643;343361,4155;69049,1283;608513,621;36359,56149
Macaubal;38413,33065;7408,2308;30598,19768;76084,11517;8014,71558;160518,5899;20738,8359
Macedônia;29695,07371;7154,430785;18376,9421;18770,5054;2029,024127;76025,97612;21118,3267
Magda;42217,48059;7243,287923;21223,92062;32387,00163;3495,370007;106567,0608;34134,2283
Mairinque;18676,22643;596827,6741;208170,9226;653151,0995;229347,6735;1706173,596;37548,66076
Mairiporã;1612,118745;271347,8079;316080,1213;928300,6547;199394,4058;1716735,109;18376,91996
Manduri;42918,91882;28730,84835;36051,27304;86456,67703;15375,56206;209533,2793;22343,06668
Marabá Paulista;58934,96702;7678,306646;28251,55841;23409,47654;2358,185024;120632,4936;24654,09639
Maracaí;79848,19591;60146,04014;58393,62398;185768,6501;31090,36612;415246,8762;30820,66921
Marapoama;30412,22964;72724,05223;17056,52854;40510,44702;12350,3979;173053,6553;61149,70153
Mariápolis;20533,84777;3261,754308;18078,18153;17773,67698;1104,443196;60751,90379;15345,26491
Marília;71296,66462;1212874,876;914486,389;4703323,648;817625,7684;7719607,347;33950,24781
Marinópolis;7776,384911;1814,082351;12670,32111;11338,06216;989,8751959;34588,72573;16470,82178
Martinópolis;54787,88663;49155,29078;104816,6164;228019,0772;26073,29028;462852,1612;18336,58827
Matão;76076,12257;1376055,046;303190,9621;1570132,763;496388,0558;3821842,949;48273,26861
Mauá;17,30744261;6017985,235;1407372,491;6658128,122;2202905,411;16286408,57;36360,81402
Mendonça;27465,80229;91187,78754;27884,8319;72827,05694;20352,18709;239717,6658;48584,85321
Meridiano;28191,58752;133512,3308;22136,16864;82255,60428;23671,24372;289766,9349;76759,45296
Mesópolis;28739,7039;2633,515793;12890,90098;12044,88892;969,9366695;57278,94627;30306,32078
Miguelópolis;451233,7107;316620,9638;101942,5035;232559,2646;18722,13322;1121078,576;53003,57316
Mineiros do Tietê;26900,17468;25177,08165;45628,345;72626,08686;12697,79051;183029,4787;14722,44841
Mira Estrela;20720,89665;4918,086392;18491,92256;20719,78885;1806,613837;66657,30829;22945,71714
Miracatu;80013,9072;24865,13452;81718,46493;206159,3546;33893,74453;426650,6058;21343,20189
Mirandópolis;91547,78083;96497,91698;103589,6393;276460,7266;47949,14403;616045,2077;21741,49313
Mirante do Paranapanema;80546,11838;110291,7364;71264,2492;124945,0535;25231,26781;412278,4253;23470,25079
Mirassol;42503,34687;524128,3322;227468,424;961057,984;201478,6196;1956636,707;34517,71556
Mirassolândia;48146,69928;7463,427031;20401,71371;29307,01931;4806,142239;110125,0016;24044,76017
Mococa;154305,931;511077,1307;257500,513;1077027,365;228480,9083;2228391,848;33456,32297
Mogi das Cruzes;341252,7282;3203829,819;1460490,4;7617187,427;1847862,611;14470622,98;34496,08088
Mogi Guaçu;197938,1457;1560981,742;601171,8819;2425743,397;771585,1767;5557420,343;38287,69294
Mogi Mirim;183590,5147;1042717,514;416098,0549;2122122,788;692366,3071;4456895,179;49858,9907
Mombuca;25927,36909;15658,11953;17720,98213;29869,88266;3724,274801;92900,62821;28041,24003
Monções;7588,303216;16959,56632;16548,30499;26744,30548;5621,484665;73461,96467;33915,95784
Mongaguá;7783,552747;129755,9669;230224,8258;568922,9043;49347,53946;986034,7893;18900,77995
Monte Alegre do Sul;40089,51641;21263,4567;32711,01872;62847,35402;9659,334668;166570,6805;21948,96304
Monte Alto;164574,4044;280244,755;177017,8086;775243,6375;225673,0726;1622753,678;33836,27011
Monte Aprazível;84579,20718;209809,5944;91503,49133;294082,9064;44514,78832;724489,9876;31438,05544
Monte Azul Paulista;51759,99956;24119,05225;76523,76858;355805,4786;54184,93783;562393,2368;30551,56654
Monte Castelo;36642,23373;7154,933636;20663,45839;33231,40353;4101,498579;101793,5279;25403,9251
Monte Mor;35564,05521;1403421,912;237641,137;774654,1737;466715,2925;2917996,57;51775,16581
Monteiro Lobato;3179,335399;6658,68293;19732,20137;27748,24173;3252,501869;60570,96329;13879,68911
Morro Agudo;283030,9592;358032,7939;137245,5665;462288,4948;88362,15719;1328959,972;42346,49242
Morungaba;18820,40799;133468,1931;51939,58679;146665,1639;74007,76154;424901,1133;33156,54415
Motuca;33618,74392;8126,280446;20430,70841;22341,6465;2614,485641;87131,86491;19208,96493
Murutinga do Sul;11239,06703;2088,358651;22809,28158;21530,97069;1940,344098;59608,02205;14005,64428
Nantes;32305,78567;3865,397218;19072,19577;81541,83345;13650,17982;150435,3919;50737,06305
Narandiba;48381,24242;59557,49159;27023,59127;57363,65207;12578,86717;204904,8445;43867,44691
Natividade da Serra;9456,62036;3970,779062;30456,32583;23604,67611;1994,272434;69482,6738;10390,70941
Nazaré Paulista;15135,8248;57549,93075;72740,61628;146027,1973;43215,5285;334669,0976;18757,37572
Neves Paulista;36939,68666;47989,79114;33675,31956;84578,41182;16511,89445;219695,1036;25319,2467
Nhandeara;63708,11196;41497,78562;44977,239;151360,4998;16468,72228;318012,3586;29472,87847
Nipoã;20922,77882;10836,6794;21247,49045;30020,07812;4323,696434;87350,72322;18270,38762
Nova Aliança;46189,56101;42831,21385;29741,24838;61606,24204;10166,4303;190534,6956;30296,50113
Nova Campina;15096,24866;114728,9288;37599,68423;48471,7237;19667,96339;235564,5487;25321,35319
Nova Canaã Paulista;12216,15576;2261,295105;12171,2193;9149,534205;822,7433889;36620,94776;18430,27064
Nova Castilho;17954,96977;1316,227054;11592,56974;8169,923904;691,8816728;39725,57214;34128,4984
Nova Europa;22856,98314;115037,6147;46523,93245;97562,12289;21816,81148;303797,4646;29429,18383
Nova Granada;123631,9047;30203,33671;74750,21434;206677,3995;23918,83615;459181,6915;22496,77583
Nova Guataporanga;3918,096943;1806,16015;12148,1085;9184,733291;883,7394186;27940,83831;12770,03579
Nova Independência;20716,54812;48084,9367;22461,6501;32371,67558;10595,70578;134230,5163;37843,39337
Nova Luzitânia;6419,491153;2924,408276;18417,1488;17419,64678;1321,671984;46502,367;11978,97141
Nova Odessa;14111,98914;836879,796;235227,7257;1582576,352;506274,8489;3175070,712;56554,28577
Novais;14978,62043;1786,439105;22823,35734;18812,52627;1679,9196;60080,86276;11430,90996
Novo Horizonte;160969,9085;222302,5262;158034,7941;605479,1154;121949,7256;1268736,07;33142,70969
Nuporanga;84261,93886;212006,2079;35232,50198;154480,385;41550,61971;527531,6534;73873,63862
Ocauçu;63196,01118;9627,631588;19682,50745;28783,10001;3316,523657;124605,7739;30032,72448
Óleo;52497,18788;4080,830916;14538,0143;15767,16507;1337,859277;88221,05744;34461,35056
Olímpia;141583,1368;542368,3422;216368,708;992258,3918;179764,7496;2072343,328;39986,55749
Onda Verde;32983,78623;19450,98419;22417,49272;41773,72072;6045,001079;122670,9849;29731,21302
Oriente;12990,48887;9461,158922;23363,02265;45264,56827;7974,637096;99053,87581;15937,87221
Orindiúva;51233,41258;192686,4967;34748,13823;119879,585;39513,66928;438061,3018;67094,70084
Orlândia;60631,70344;568394,5039;179171,0803;760264,5715;212884,9755;1781346,835;42851,74007
Osasco;1008,526165;3350007,311;2701829,414;55760880,89;16096769,81;77910495,95;115226,8153
Oscar Bressane;33077,60317;10207,45033;14220,00222;23482,01939;2970,166278;83957,24139;33316,36563
Osvaldo Cruz;33974,51869;206556,062;108885,5241;459294,0767;69738,79131;878448,9729;28168,95857
Ourinhos;55289,03007;515468,6914;428167,1;1743261,867;257461,1105;2999647,799;27690,67544
Ouro Verde;29974,31148;6916,455876;32338,52951;41339,69648;3728,817588;114297,8109;14060,50079
Ouroeste;41575,23304;155340,2073;65458,90724;146796,8097;30327,57415;439498,7314;46829,91277
Pacaembu;29318,72088;6836,883291;51891,95919;103487,9992;8980,671088;200516,2336;15300,74274
Palestina;140022,2249;81473,09181;47533,77669;111748,3206;17942,55499;398719,9689;33610,38261
Palmares Paulista;13864,89146;7369,443495;42919,80663;49978,06889;4228,2472;118360,4577;9546,737997
Palmeira d'Oeste;37931,66458;12741,22724;34772,72092;78380,29012;5488,777401;169314,6803;18326,08294
Palmital;103403,9053;90090,63701;88323,68399;328120,0833;80916,42705;690854,7366;32156,70902
Panorama;38660,44407;22732,49155;60018,07904;135158,163;13606,07654;270175,2542;17991,29348
Paraguaçu Paulista;166003,6162;168144,9842;169069,6717;620509,4972;111405,5872;1235133,356;28309,91672
Paraibuna;9687,577042;53813,77324;73757,94152;117824,6394;18577,55279;273661,484;15223,71406
Paraíso;35925,65529;75965,40142;29697,40204;73147,20156;16846,22188;231581,8822;37539,61456
Paranapanema;131302,8136;30108,57751;88818,02321;294498,6422;48922,17057;593650,227;30760,67294
Paranapuã;41809,61508;5503,329949;18448,72636;29763,87852;3111,359942;98636,90985;25467,8311
Parapuã;108422,9539;48821,88769;42066,40659;137474,7192;21448,20974;358234,1771;33795,67709
Pardinho;25416,90393;63595,66819;30601,31979;139336,2511;24140,08339;283090,2264;46075,88321
Pariquera-Açu;79916,69063;44264,63296;68951,82011;294623,7813;39179,03363;526935,9586;27711,59393
Parisi;18503,46544;2216,939773;13961,81908;12836,56467;1294,446417;48813,23538;23811,33433
Patrocínio Paulista;180337,8621;331401,4268;58320,27014;251243,423;79684,00524;900986,9873;64214,02518
Paulicéia;35282,339;16277,64733;32726,89733;59972,69475;7057,278333;151316,8567;21898,24266
Paulínia;26024,70443;17671369,71;976756,398;11451592,82;5220746,247;35346489,87;357342,0601
Paulistânia;9577,340592;1641,97127;13646,03724;9090,20525;2531,398819;36486,95317;20567,61734
Paulo de Faria;134558,8574;14240,97137;38984,99868;67894,22728;5560,977835;261240,0325;30622,43963
Pederneiras;129781,4079;435441,8624;171356,0639;725179,8387;261821,8067;1723580,98;38834,26041
Pedra Bela;14883,65157;5406,00918;23867,2899;32291,25465;3692,083962;80140,28926;13555,52931
Pedranópolis;28880,15798;3131,429274;16855,29279;13711,71247;1325,00671;63903,59923;26029,97932
Pedregulho;90715,59965;601822,7959;66285,87817;190470,0393;24008,65019;973302,9632;60408,57517
Pedreira;7999,463389;244165,8057;178758,8634;542218,5086;155391,6453;1128534,286;24989,13413
Pedrinhas Paulista;16891,9882;12146,92271;17384,61658;90761,93156;13623,40466;150808,8637;50437,74706
Pedro de Toledo;35696,29453;9688,768763;43470,52706;55188,28545;7238,947082;151282,8229;14093,79755
Penápolis;72150,70491;262570,9531;245560,5679;881242,9191;118594,7368;1580119,882;26266,60043
Pereira Barreto;100872,8119;36325,36665;103907,7939;492493,0935;83971,3278;817570,3938;32345,71901
Pereiras;16209,75126;68601,37643;33134,82154;63991,64303;16082,91427;198020,5065;24305,94164
Peruíbe;38508,66648;175173,8057;273509,3239;795193,2752;64486,51903;1346871,59;20963,63451
Piacatu;26278,26767;7007,616801;24613,32746;35246,23926;2691,439121;95836,89031;16772,29442
Piedade;308782,6561;149557,4563;173200,452;512038,5377;74194,13019;1217773,232;22943,08814
Pilar do Sul;92184,46714;41711,68447;102772,8788;349097,1718;54917,48716;640683,6894;23136,05696
Pindamonhangaba;27629,26177;2430966,457;606473,5849;2754429,174;1183991,526;7003490,004;44054,31079
Pindorama;38940,40311;18081,97468;61783,18073;149873,9884;26684,24546;295363,7924;18522,75131
Pinhalzinho;36604,94938;20211,7502;53299,31628;124182,2131;15967,84969;250266,0787;17531,77434
Piquerobi;11175,81044;4733,10948;18518,05137;17493,59148;2289,527409;54210,09018;15339,58409
Piquete;2658,700457;23328,92205;44769,53777;74088,13098;8380,883204;153226,1745;11140,48091
Piracaia;21070,21255;82238,16259;101968,5851;235857,1018;34890,88737;476024,9494;18358,78551
Piracicaba;186410,0893;4618524,26;1621038,844;10413018,18;5057880,128;21896871,5;57199,31848
Piraju;54582,02743;87302,55997;111983,436;404070,6199;42296,14792;700234,7913;24510,30107
Pirajuí;81969,72057;36912,00401;88704,87598;221979,1991;20798,21899;450364,0187;19438,21566
Pirangi;45428,23652;56167,19983;42462,74974;130989,4797;21175,67947;296223,3453;27491,72578
Pirapora do Bom Jesus;168,0876941;95802,13897;76203,52385;189555,652;34429,65789;396159,0604;22175,15031
Pirapozinho;30145,06254;385677,2597;100823,1315;346098,8744;99308,65303;962052,9812;36357,39319
Pirassununga;111411,7007;468828,5516;295685,4593;1348194,226;381580,4649;2605700,403;35846,25886
Piratininga;26853,33359;21897,72799;50297,13994;106432,7421;12109,99156;217590,9352;16900,26681
Pitangueiras;108356,6135;211665,4207;148850,3779;588430,154;126197,1409;1183499,707;31465,17712
Planalto;39742,23307;81873,01124;27618,12474;56225,23627;14921,28811;220379,8934;44395,6272
Platina;41572,73901;9685,49541;17528,64334;18419,72155;3599,156917;90805,75622;26644,88152
Poá;2155,839038;692289,1809;503104,8252;1280271,856;1738800,462;4216622,163;37374,77542
Poloni;28220,34032;34925,28921;23308,4676;46118,05752;11377,00305;143949,1577;25755,79848
Pompéia;48758,76297;78994,25984;92482,66288;442181,0081;163481,521;825898,2148;39514,77034
Pongaí;23022,41371;4542,191853;18132,20662;28411,13378;2161,684179;76269,63014;22591,71509
Pontal;75336,19917;434781,8298;162993,0266;433626,0786;106999,1069;1213736,241;25896,35454
Pontalinda;36646,0474;3937,926653;20606,96132;21081,84115;2345,091094;84617,86761;19363,35643
Pontes Gestal;39627,72074;47236,58241;19103,44237;37395,62917;9024,027686;152387,4024;60375,35752
Populina;39231,47091;4799,527332;22314,39909;29678,1296;2350,199702;98373,72664;24241,92377
Porangaba;50226,00624;23100,77635;34980,01701;64478,9058;10351,23198;183136,9374;20278,69974
Porto Feliz;165269,2014;444305,0062;230330,3003;796600,0977;289978,32;1926482,926;37865,49768
Porto Ferreira;21186,36387;653884,1285;222655,6182;755759,7432;321532,6383;1975018,492;37012,39654
Potim;1182,778025;40028,21761;79277,43862;90683,33347;15121,24543;226293,0132;11145,79191
Potirendaba;75684,95444;138501,8308;68708,57237;201075,0813;47633,02043;531603,4593;32621,71449
Pracinha;3010,417922;1346,098362;15924,25198;7340,023718;586,2443771;28207,03636;9750,098985
Pradópolis;43530,5441;310085,1194;89728,34711;276043,5492;120820,0656;840207,6255;42168,5132
Praia Grande;3890,029492;720228,6562;1372877,824;4145526,699;446090,4839;6688613,693;22219,53629
Pratânia;47216,06187;7141,392666;22409,53848;29869,17385;5708,106762;112344,2736;22545,50946
Presidente Alves;13147,26731;5092,544231;17986,01934;24728,02132;2342,848811;63296,70101;15652,00322
Presidente Bernardes;33541,1458;14497,6212;56518,84005;133141,6883;16222,61971;253921,9151;18549,33999
Presidente Epitácio;68725,94154;119691,6468;155164,7187;457554,5865;51899,04193;853035,9356;20281,40598
Presidente Prudente;30949,92288;1086836,251;802934,2593;5123384,873;762707,4526;7806812,759;35928,08118
Presidente Venceslau;31991,35001;45466,83294;139142,0432;464743,9067;40549,3121;721893,445;18998,69582
Promissão;80153,62525;854666,9325;159845,5165;574845,535;156639,2903;1826150,9;47455,9107
Quadra;36029,36921;4550,139186;20916,05191;23891,74524;3512,75042;88900,05597;24895,00307
Quatá;78856,64198;107147,8333;55295,68614;180119,1053;36525,75557;457945,0222;33674,9042
Queiroz;115928,8699;139229,4075;19664,04174;68838,21356;25196,44113;368856,9739;117620,2085
Queluz;3189,64191;49465,04206;51784,61021;189917,2905;30758,79758;325115,3822;26464,41858
Quintana;27087,55154;46080,65746;25063,30784;47793,59017;11222,28894;157247,396;24743,88607
Rafard;22493,2857;132839,9822;37114,01361;96910,4695;36685,29653;326043,0475;36832,69855
Rancharia;313294,3317;367254,3046;113157,9341;441655,3925;88350,13629;1323712,099;45933,51722
Redenção da Serra;9716,730891;4245,242543;19002,21239;22123,4175;1943,894363;57031,49769;14840,35849
Regente Feijó;60913,7458;99424,07112;80225,46791;336947,5859;78410,61541;655921,4862;34157,24034
Reginópolis;58874,15691;5892,388488;34753,46942;43563,79353;4060,030381;147143,8387;20320,92787
Registro;128798,5596;145063,3823;208542,7919;1251409,334;217113,7153;1950927,783;36067,51184
Restinga;37959,53778;41843,13656;33543,43935;42056,89464;11140,18449;166543,1928;23073,31571
Ribeira;10320,57542;2851,389361;15766,86275;14680,11987;3684,790267;47303,73766;14492,56668
Ribeirão Bonito;69073,59776;23415,03189;50020,41831;120146,8854;10492,10738;273148,0407;21495,87162
Ribeirão Branco;205710,7561;17987,03399;62869,35956;86582,46687;7168,568174;380318,1847;21459,01849
Ribeirão Corrente;25412,70741;7112,133424;22347,43194;29696,16767;2282,489968;86850,9304;19096,51064
Ribeirão do Sul;35129,45086;10949,08016;19371,85859;64507,04705;11986,33605;141943,7727;32422,05864
Ribeirão dos Índios;12120,27963;1976,455463;13635,88492;9205,77461;784,2120686;37722,60668;17520,95062
Ribeirão Grande;15971,44555;169641,2561;33204,20165;59054,05137;18353,07264;296224,0273;39586,26585
Ribeirão Pires;1259,878747;659195,7204;438454,2768;1597446,414;350108,7069;3046464,997;25950,55153
Ribeirão Preto;119098,0429;5305064,63;2781989,576;23253567,1;3856123,831;35315843,18;53347,43689
Rifaina;27746,38871;14165,57771;21611,37649;42517,61531;5725,18839;111766,1466;32321,03719
Rincão;60499,56622;28563,98007;42880,17984;73207,69141;8614,260507;213765,678;20424,77337
Rinópolis;87746,00344;9358,675686;37732,88661;93571,1049;13623,62192;242032,2926;24757,80407
Rio Claro;70869,5454;3198746,283;853758,7916;3972683,052;1322332,982;9418390,654;47832,3988
Rio das Pedras;38751,84298;261870,601;141122,7029;528575,9052;223832,1317;1194153,184;36141,55697
Rio Grande da Serra;610,8583048;168059,0369;153046,2723;245362,7856;43858,94162;610937,8948;12707,7522
Riolândia;89047,89252;15127,00157;50410,48076;65839,09835;5929,339341;226353,8125;20264,44159
Riversul;14352,09742;4230,730495;24528,12211;19937,48797;1845,367494;64893,80548;11155,88886
Rosana;43658,8841;911244,4987;102730,453;182153,468;15312,57891;1255099,883;67157,14499
Roseira;3330,186206;86680,75619;44217,81679;117076,7518;32201,54504;283507,056;27421,12932
Rubiácea;28042,70537;3237,702577;15565,37575;13872,92928;1297,585297;62016,29828;20678,99242
Rubinéia;28493,97223;3881,489301;21270,27614;25531,08853;2396,7703;81573,59651;27595,93928
Sabino;38612,96154;4834,460709;27256,61542;43388,35876;4018,267147;118110,6636;21876,39629
Sagres;15610,71226;2107,152265;12828,32365;11895,92958;856,9429274;43299,06069;18308,2709
Sales;42494,13414;5855,264009;28375,71435;60929,77286;4689,247786;142344,1331;24171,18919
Sales Oliveira;82711,00048;65689,79863;44703,70932;143403,2739;22798,89489;359306,6772;31924,18278
Salesópolis;18431,81824;10414,64385;62428,72398;99432,19883;9914,32542;200621,7103;12182,51824
Salmourão;19755,09832;4875,901483;21569,70265;23054,97665;1687,668406;70943,34751;14126,51284
Saltinho;14662,1883;44656,73254;34502,72732;107486,7079;33096,61805;234404,9741;30633,16441
Salto;11522,37464;1612488,05;432949,8947;3589788,318;1222254,673;6869003,31;61085,49929
Salto de Pirapora;16309,87938;764871,7883;165449,0751;479480,1031;206951,3744;1633062,22;37940,25092
Salto Grande;22704,60334;57893,25765;36296,71552;80043,34633;12843,81999;209781,7428;23319,44674
Sandovalina;88841,73535;230094,4515;30176,41301;41268,48326;6409,82965;396790,9128;97755,82971
Santa Adélia;83728,24015;10889,65251;58216,36856;152134,2513;18292,06179;323260,5743;21938,28126
Santa Albertina;25439,26968;63704,08329;28596,35654;63230,82614;13044,62132;194015,157;34091,57564
Santa Bárbara d'Oeste;24818,33996;1340919,388;733330,8379;2621172,069;774649,5898;5494890,225;29495,48152
Santa Branca;4751,515592;72223,76733;60466,4845;95792,56007;13333,87906;246568,2066;17538,10417
Santa Clara d'Oeste;23423,32001;6919,041183;14902,39924;19671,73232;2241,982372;67158,47513;33001,70768
Santa Cruz da Conceição;21236,16705;11168,23415;24882,21343;47833,26559;12758,87513;117878,7554;27755,77004
Santa Cruz da Esperança;22551,80315;3945,491387;14368,5708;13663,7585;1074,154962;55603,7788;27243,39971
Santa Cruz das Palmeiras;56523,96831;20831,83444;113207,1345;276766,2563;34580,76936;501909,9629;15385,62819
Santa Cruz do Rio Pardo;124684,6803;597427,4313;182709,2458;910487,2602;227099,9976;2042408,615;44935,50592
Santa Ernestina;21041,82714;5541,212464;23605,49214;38739,68636;3139,357183;92067,57529;16636,714
Santa Fé do Sul;35066,33705;183594,2072;152583,4685;561121,707;81363,68531;1013729,405;33397,99707
Santa Gertrudes;15264,79984;883063,5025;121367,8127;350630,2953;201594,7556;1571921,166;63337,94689
Santa Isabel;49599,14649;274536,6648;208554,5194;659455,46;161486,4207;1353632,211;25184,7922
Santa Lúcia;42792,41294;7133,203143;32094,13003;41727,53741;3614,055421;127361,3389;15029,66001
Santa Maria da Serra;37306,77141;19796,7727;23315,98669;40626,51719;5565,725977;126611,774;21394,3518
Santa Mercedes;21089,9922;3412,309147;15452,35056;16313,32881;20907,10118;77175,0819;27415,65964
Santa Rita do Passa Quatro;65443,01015;68377,83332;102621,8649;343207,3117;61528,98306;641179,0031;24269,61668
Santa Rita d'Oeste;18327,99479;2660,922716;15816,17514;18150,48213;1649,717245;56605,29201;23141,98365
Santa Rosa de Viterbo;35860,89419;253292,0219;98462,20622;281574,0127;99601,59863;768790,7336;30633,9948
Santa Salete;11745,38724;1684,78102;10796,23507;8567,000662;859,6010966;33653,00509;23305,40519
Santana da Ponte Pensa;11858,81854;1818,315623;11159,11962;8932,286543;785,8570847;34554,39741;22394,29515
Santana de Parnaíba;77829,00985;1485227,237;713607,4424;4917537,121;1389422,257;8583623,067;66281,77995
Santo Anastácio;34814,23004;57486,64478;76167,70221;224815,5745;29041,5437;422325,6953;20902,03886
Santo André;843,5223525;5196161,755;2469773,276;16248943,03;3554958,824;27470680,4;39876,20886
Santo Antônio da Alegria;53047,98137;9227,052134;28102,16003;47935,31012;6995,82435;145308,328;22215,00199
Santo Antônio de Posse;143513,9282;146242,9006;97332,57768;513542,0734;143273,6329;1043905,113;46993,11753
Santo Antônio do Aracanguá;78490,00766;22784,36863;47177,27718;59372,82841;7032,821397;214857,3033;26601,12706
Santo Antônio do Jardim;30115,5983;12519,32543;24654,89918;59397,66103;10472,22038;137159,7043;23446,1033
Santo Antônio do Pinhal;7143,840206;6472,82546;29449,25666;55791,95308;4819,361262;103677,2367;15756,41895
Santo Expedito;5173,355943;2891,156124;14658,24205;14249,56805;1127,965953;38100,28812;13034,65211
Santópolis do Aguapeí;12625,95529;3449,304007;18453,57388;24349,34944;1938,598633;60816,78125;13351,6534
Santos;3712,810865;1660997,337;2265702,865;15410578;3191680,792;22532671,8;52940,6956
São Bento do Sapucaí;28556,14481;11286,54636;40249,94359;106446,624;9655,957143;196195,2159;18683,47928
São Bernardo do Campo;7202,978526;9186786,283;3008065,428;24370060,27;8108274,407;44680389,37;55875,28136
São Caetano do Sul;19,10263109;2904911,638;1071207,594;6645659,137;2485161,236;13106958,71;86881,60352
São Carlos;149459,975;3047304,076;983834,1041;5086469,087;1208587,315;10475654,56;44208,90857
São Francisco;15870,83036;2599,809675;15416,66731;13096,94259;1001,098854;47985,34879;17693,71268
São João da Boa Vista;76834,50076;553257,5884;349097,4384;1659526,367;284603,4882;2923319,383;33854,69875
São João das Duas Pontes;13168,42701;3511,508727;13851,00859;10704,61797;796,1612604;42031,72356;16805,96704
São João de Iracema;10153,76298;1197,714275;13224,28705;9439,994728;848,6107208;34864,36975;19030,76952
São João do Pau d'Alho;23549,96108;2420,507073;12582,12542;15330,73283;1245,85497;55129,18137;27345,82409
São Joaquim da Barra;80512,05782;409132,6493;182596,0806;715059,0648;146353,3952;1533653,248;31159,14766
São José da Bela Vista;64474,07157;5205,97077;36048,48185;50616,87927;4685,431136;161030,8346;18672,40661
São José do Barreiro;6969,576059;1884,618367;20893,76992;15744,85045;1445,801431;46938,61623;11535,66386
São José do Rio Pardo;108904,925;356114,7504;207998,6206;873269,4554;180972,8347;1727260,586;32689,1233
São José do Rio Preto;50007,67779;1864500,923;1575732,09;11405587,9;1598139,444;16493968,03;37720,06969
São José dos Campos;16412,7148;15867490,19;2589198,539;16515347,97;4840954,501;39829403,91;57929,97089
São Lourenço da Serra;1346,189569;19115,11055;58471,94281;109850,2897;17968,43402;206751,9666;13708,52451
São Luís do Paraitinga;16024,33523;8690,242986;44567,34383;92097,28989;11489,24599;172868,4579;16446,43306
São Manuel;123024,5663;174851,8529;149285,4183;567544,8451;90007,8488;1104714,531;28180,05539
São Miguel Arcanjo;237311,6083;46423,62519;111429,8627;253222,9581;27974,84035;676362,8947;21263,25551
São Paulo;37648,69859;59119808,83;42958613,89;474646034,4;122526246,4;699288352,2;59788,22596
São Pedro;71831,01119;61464,99047;129512,9312;426567,6203;52062,83277;741439,3859;22141,77226
São Pedro do Turvo;66573,30761;19000,92152;31368,95359;71976,83909;13780,51326;202700,5351;27736,80009
São Roque;29215,38688;398475,2125;328527,0362;1607859,02;360694,0929;2724770,748;32033,89116
São Sebastião;12046,38953;352263,2624;558119,4933;1362827,804;425929,5804;2711186,529;32541,78805
São Sebastião da Grama;77740,18111;37006,26303;44223,35009;149818,7432;17970,43231;326758,9698;27320,98409
São Simão;84368,02705;60015,48088;69938,09288;212866,3875;38519,28033;465707,2687;31704,49103
São Vicente;3169,65366;413975,4253;1316031,496;3138752,751;332377,012;5204306,338;14858,66354
Sarapuí;27523,42609;24520,98205;39881,92536;50926,59422;7421,712746;150274,6405;15362,36357
Sarutaiá;22755,62876;3476,534897;17198,66557;20612,53727;736,7885646;64780,15505;17816,32427
Sebastianópolis do Sul;42636,54227;152447,5954;20163,28115;72716,41748;23537,07414;311500,9104;96469,77715
Serra Azul;46923,60294;13191,1325;49529,46157;51092,62785;4368,903147;165105,728;13797,90473
Serra Negra;43323,29213;75844,58606;112502,7034;437158,3474;52031,75555;720860,6846;26537,35402
Serrana;21468,52654;126523,8816;180680,6058;520974,6311;91466,90146;941114,5465;21978,38735
Sertãozinho;92025,74154;1586297,719;528909,1942;2493480,233;662282,8922;5362995,78;45063,40459
Sete Barras;239231,7344;24002,6327;51983,96572;87573,66323;9473,268922;412265,265;32548,97087
Severínia;22895,4318;11800,13571;70646,58759;115911,1498;12663,00418;233916,3091;14049,87141
Silveiras;6693,512251;3176,070167;28785,46964;25514,69907;3190,32629;67360,07742;11078,9601
Socorro;62307,34595;94144,34086;140302,7668;454034,4804;72143,58132;822932,5153;21530,89964
Sorocaba;33773,56763;7980161,19;2565990,077;15269981,38;6002952,212;31852858,43;49970,28474
Sud Mennucci;55031,57133;14280,42278;38102,92071;62736,59168;9131,218599;179282,7251;23469,39719
Sumaré;108211,3246;3819902,09;906742,914;5392021,581;3517698,25;13744576,16;50680,21681
Suzanápolis;33651,83322;117787,0626;23139,96803;61207,01863;24834,00635;260619,8889;68765,14218
Suzano;234420,6234;3962427,332;993290,2095;4005975,342;1564968,502;10761082,01;38102,03666
Tabapuã;62153,06206;17536,0854;48540,12357;103936,3352;9786,698123;241952,3043;20575,92519
Tabatinga;77448,31849;22486,40552;59510,13981;108332,2863;10447,93611;278225,0862;17903,8022
Taboão da Serra;192,1002218;2256459,522;933986,8544;4394203,327;1259044,618;8843886,421;32498,75582
Taciba;57480,02664;10008,88802;34730,25226;43704,24767;6150,190386;152073,605;25541,41837
Taguaí;27348,03417;20680,99262;47329,08086;112075,8233;18314,85502;225748,7859;17919,41466
Taiaçu;24515,41817;3273,537474;23397,03475;37581,13888;3812,180203;92579,30948;15440,17836
Taiúva;27818,82838;8617,527676;25202,8445;47390,81063;7042,903902;116072,9151;18386,33218
Tambaú;70470,65084;95929,97979;83302,10287;241697,6938;43138,33447;534538,7617;23583,28606
Tanabi;128070,5717;281471,2095;103047,7818;358100,5458;67785,48779;938475,5966;37785,38457
Tapiraí;46341,38636;14022,36298;32515,0425;47502,73623;5304,532978;145686,0611;18800,62731
Tapiratiba;64610,81827;77680,13386;50115,20749;114393,8815;19419,03716;326219,0783;25818,68447
Taquaral;9662,248971;1635,608312;14545,98237;10711,99323;1476,114247;38031,94713;13885,34032
Taquaritinga;127787,1067;239434,2426;219914,4968;777634,1592;104331,4402;1469101,445;27044,81592
Taquarituba;52874,68901;69516,43442;85512,40304;377581,2073;65147,4017;650632,1354;28353,69048
Taquarivaí;64949,44547;14332,55673;26042,11188;116488,5726;20887,53072;242700,2174;43651,11823
Tarabai;15999,84238;10435,62243;29436,03583;45922,17587;6784,872558;108578,5491;15357,64485
Tarumã;70859,51852;289285,2646;63239,25182;366233,3332;100680,1708;890297,539;62512,1148
Tatuí;116431,6021;1015675,678;445486,2364;1807459,127;456100,663;3841153,307;33029,1094
Taubaté;21266,72789;5940670,17;1222656,172;6526335,688;3088794,673;16799723,43;56160,0703
Tejupá;41751,95461;7024,106525;21799,07707;20218,57657;876,4817548;91670,19653;19458,75537
Teodoro Sampaio;86845,78191;73435,56282;85762,54744;209353,1442;23785,34801;479182,3844;21660,89795
Terra Roxa;42937,86752;12980,90966;36266,21535;51410,87534;3984,109905;147579,9778;16509,67421
Tietê;62986,48751;503690,7718;170187,4207;805337,2188;197593,5565;1739795,455;43673,94958
Timburi;14999,32277;2450,217743;15147,43397;14139,12719;1001,640719;47737,74239;18503,00093
Torre de Pedra;1751,632257;1961,096271;12979,94282;10302,64106;869,05553;27864,36793;12120,21224
Torrinha;36443,92983;28969,21648;34441,84376;99047,05462;14432,41528;213334,46;22229,28623
Trabiju;11081,31455;6990,019064;11746,92768;11420,53598;1967,430238;43206,2275;26138,06866
Tremembé;7788,103593;192728,9055;173529,3205;328629,4502;65930,04764;768605,8275;17226,74827
Três Fronteiras;26896,415;12656,45743;24392,05596;39724,76465;3876,440136;107546,1332;19504,19535
Tuiuti;24498,09354;2977,509146;25560,61444;30305,46273;2660,323597;86002,00346;13475,71348
Tupã;154159,8193;239609,0337;222750,9997;1012038,142;131854,7334;1760412,728;27941,28512
Tupi Paulista;43654,73045;8944,392513;58266,60573;158977,6269;12317,7524;282161,108;19058,50105
Turiúba;16628,00177;2534,377834;13845,28774;12379,60533;1656,628623;47043,9013;24489,27709
Turmalina;31557,89869;2936,413256;13005,60092;12641,96417;1265,016699;61406,89375;33157,07006
Ubarana;48697,93951;200126,1178;29886,69426;56760,19566;13846,43277;349317,38;59835,11134
Ubatuba;33054,58431;218189,2361;366796,098;1245923,868;100797,6678;1964761,455;22881,71633
Ubirajara;27070,99014;5781,463708;22006,14546;30973,62848;3366,462072;89198,68985;19420,57258
Uchoa;68149,8719;114066,7315;44728,82461;108880,4272;34028,87391;369854,7291;38422,47342
União Paulista;19712,09863;2447,361533;12993,85002;13034,17516;925,2377812;49112,72312;28923,86521
Urânia;64490,27105;18691,07978;32209,68699;67809,69372;7870,469012;191071,2005;22000,13823
Uru;28719,26608;2640,67381;10988,66451;11298,11278;920,9475081;54567,66469;44837,85102
Urupês;101330,5133;20649,52283;55027,14996;189476,3982;23559,32016;390042,9044;29913,55966
Valentim Gentil;23580,57;109015,2091;49234,2429;118292,8036;27879,48418;328002,3098;26736,4126
Valinhos;37344,76505;1437530,964;551237,2543;2732932,224;975454,5664;5734499,773;47641,00203
Valparaíso;152793,5863;360919,7843;100450,8761;305543,8408;70225,93927;989934,0268;41992,62012
Vargem;8581,882108;9476,025259;36224,65361;51294,48874;7229,793887;112806,8436;11694,67589
Vargem Grande do Sul;51673,87179;123246,3184;152642,5052;522243,322;95779,35989;945585,3773;23140,38072
Vargem Grande Paulista;26628,83665;380874,3;204821,7126;940985,0533;251991,1098;1805301,012;36220,47695
Várzea Paulista;1779,840296;841136,7983;409110,7772;1052837,584;353754,5006;2658619,501;22765,07686
Vera Cruz;15959,42325;6409,465821;40495,81481;65670,2267;4979,342283;133514,2729;12614,72722
Vinhedo;9487,459051;2632852,713;425112,2554;3670369,723;1992113,567;8729935,717;118676,1425
Viradouro;43298,77093;35060,4797;71138,40845;181360,2267;25284,13006;356142,0159;19730,85961
Vista Alegre do Alto;30578,72928;142273,8775;34994,3569;111702,8353;34144,75291;353694,5519;45952,26086
Vitória Brasil;7395,439185;1672,999279;11981,87815;11372,84199;1364,215978;33787,37458;19252,06529
Votorantim;1024,619377;650471,1403;463135,6149;1572318,973;314832,0185;3001782,366;25752,66696
Votuporanga;47126,53818;529123,9267;332106,9879;1666995,677;232703,7311;2808056,861;31278,48045
Zacarias;45569,97293;7770,605169;18688,38486;19283,22505;2208,210026;93520,39803;37438,1097
